cell_id,hto_global,hash_max,hash_id,doublet,sizeFactor,proportion_dub_neighbors,predicted_dub_std,predicted_dub_cut,sum,detected,altexps_hto_sum,altexps_hto_detected,altexps_hto_percent,altexps_spliced_sum,altexps_spliced_detected,altexps_spliced_percent,altexps_unspliced_sum,altexps_unspliced_detected,altexps_unspliced_percent,total,discard,hash_pool,hash_id.1,sequencing_pool,age,date,weight,length,littersize,leptin,diet,geno,nCount_SCT,nFeature_SCT,SCT_snn_res.0.8,seurat_clusters,predicted.id,prediction.score.max,sex_call,nCount_RNA,nFeature_RNA,ob_enrich,sex_enrich
AAACCCAAGGGCAACT,Singlet,103-4,103-4,FALSE,0.774686287392971,0.04,FALSE,FALSE,7294,2675,973,4,6.25281151596941,1144,899,7.35171261487051,6150,2078,39.5218816271448,15561,FALSE,sce_objects_e6b3a2ed,103-4,,4,2020-10-14,2.6,2.6,,2.6,CHOW,wt,12728,2767,4,4,n20,0.800056125626974,M,7293,2674,0.621621621621622,0.6
AAACCCACAATTCTTC,Singlet,ObD-2,ObD-2,FALSE,1.46695462043758,0,FALSE,FALSE,13812,4411,2258,4,7.55638846128104,1877,1359,6.28137340204806,11935,3710,39.9404323673114,29882,FALSE,sce_objects_e6b3a2ed,ObD-2,,6,2020-09-05,5.32,5.32,3,5.32,CHOW,mut,13769,4405,0,0,n13,0.92649871408705,F,13805,4405,0.513513513513514,0.533333333333333
AAACCCACACACCTGG,Singlet,ObG-1,ObG-1,FALSE,1.55043466182651,0.02,FALSE,FALSE,14598,4327,2162,4,6.89457235793099,1446,1122,4.61126347343581,13152,3797,41.9414503475987,31358,FALSE,sce_objects_e6b3a2ed,ObG-1,,16,2020-10-16,9.12,9.12,5,9.12,CHOW,mut,14133,4319,2,2,n23,0.646601575460201,F,14590,4319,0.27027027027027,0.433333333333333
AAACGAAAGCTTAAGA,Singlet,ObD-2,ObD-2,FALSE,1.91664227341562,0.08,FALSE,FALSE,18046,4498,2196,4,5.73547847889678,2151,1474,5.61794818219808,15895,3784,41.5143125783535,38288,FALSE,sce_objects_e6b3a2ed,ObD-2,,6,2020-09-05,5.32,5.32,3,5.32,CHOW,mut,14424,4481,29,29,n33,0.811107869003132,F,18028,4486,0.567567567567568,0.533333333333333
AAACGAACACAGCTTA,Singlet,ObD-2,ObD-2,FALSE,1.33196335758092,0.02,FALSE,FALSE,12541,3975,2836,4,10.1583207966187,1519,1130,5.44093416433842,11022,3405,39.4799054373522,27918,FALSE,sce_objects_e6b3a2ed,ObD-2,,6,2020-09-05,5.32,5.32,3,5.32,CHOW,mut,13022,3967,5,5,n10,0.960487061806494,F,12526,3967,0.621621621621622,0.366666666666667
AAACGAAGTAGTATAG,Singlet,103-4,103-4,FALSE,1.00091082703473,0.06,FALSE,FALSE,9424,3358,1376,4,6.80379746835443,1373,976,6.78896360759494,8051,2788,39.8091376582279,20224,FALSE,sce_objects_e6b3a2ed,103-4,,4,2020-10-14,2.6,2.6,,2.6,CHOW,wt,12676,3355,0,0,n13,0.772183213187072,M,9411,3350,0.486486486486487,0.466666666666667
AAACGCTAGCAACAAT,Singlet,103-4,103-4,FALSE,1.19559138157152,0.04,FALSE,FALSE,11257,3889,1619,4,6.7086561969088,1618,1220,6.70451249326648,9639,3249,39.9411594082791,24133,FALSE,sce_objects_e6b3a2ed,103-4,,4,2020-10-14,2.6,2.6,,2.6,CHOW,wt,12759,3884,17,17,n34,0.318183519870401,M,11249,3884,0.72972972972973,0.533333333333333
AAACGCTAGCCAGAGT,Singlet,ObD-2,ObD-2,FALSE,1.58707666472624,0.02,FALSE,FALSE,14943,4372,2777,4,8.5019747114472,1950,1416,5.97005786363776,12993,3636,39.7789547806386,32663,FALSE,sce_objects_e6b3a2ed,ObD-2,,6,2020-09-05,5.32,5.32,3,5.32,CHOW,mut,14226,4364,0,0,n13,0.969776519376534,F,14935,4364,0.297297297297297,0.366666666666667
AAACGCTGTCCCTCAT,Singlet,ObD-2,ObD-2,FALSE,0.841491562244928,0.02,FALSE,FALSE,7923,3090,825,4,4.94871333453302,843,720,5.05668526183192,7080,2652,42.4689580709016,16671,FALSE,sce_objects_e6b3a2ed,ObD-2,,6,2020-09-05,5.32,5.32,3,5.32,CHOW,mut,12710,3113,3,3,n14,0.581829930156941,F,7918,3085,0.513513513513514,0.666666666666667
AAACGCTGTTGAGAGC,Singlet,ObD-2,ObD-2,FALSE,1.37954485699853,0,FALSE,FALSE,12989,3789,2270,4,8.03596714811668,1395,1052,4.93840271877655,11594,3213,41.0436137071651,28248,FALSE,sce_objects_e6b3a2ed,ObD-2,,6,2020-09-05,5.32,5.32,3,5.32,CHOW,mut,13207,3786,38,38,n24,0.562214922306183,F,12975,3786,0.297297297297297,0.366666666666667
AAACGCTGTTGCATGT,Singlet,ObG-1,ObG-1,FALSE,1.13292824617779,0,FALSE,FALSE,10667,3697,1487,4,6.51592831164279,1224,956,5.36348100433811,9443,3167,41.3785548398405,22821,FALSE,sce_objects_e6b3a2ed,ObG-1,,16,2020-10-16,9.12,9.12,5,9.12,CHOW,mut,12718,3692,2,2,n23,0.977844149644279,F,10662,3692,0.594594594594595,0.566666666666667
AAACGCTTCAGCGCAC,Singlet,ObD-2,ObD-2,FALSE,1.3397165929771,0.02,FALSE,FALSE,12614,3769,2261,4,8.22510822510823,1290,985,4.69278620539125,11324,3244,41.1946596820546,27489,FALSE,sce_objects_e6b3a2ed,ObD-2,,6,2020-09-05,5.32,5.32,3,5.32,CHOW,mut,13075,3762,4,4,n20,1,F,12604,3762,0.54054054054054,0
AAACGCTTCGGCAGTC,Singlet,103-4,103-4,FALSE,2.04611068366131,0.02,FALSE,FALSE,19265,4923,2196,4,5.39213278986397,2627,1764,6.4504247900604,16638,4102,40.8535088150076,40726,FALSE,sce_objects_e6b3a2ed,103-4,,4,2020-10-14,2.6,2.6,,2.6,CHOW,wt,14519,4892,18,18,n33,0.46506846370603,M,19240,4909,0.594594594594595,0.533333333333333
AAAGAACGTATCTTCT,Singlet,96b-4,96b-4,FALSE,1.8162750480816,0.04,FALSE,FALSE,17101,4851,3467,4,9.20385462847434,2360,1670,6.26509862220924,14741,4055,39.1329740635536,37669,FALSE,sce_objects_e6b3a2ed,96b-4,,16,2020-09-25,7.5,7.5,5,7.5,HFD,wt,14457,4844,3,3,n14,1,F,17089,4844,0.216216216216216,0.466666666666667
AAAGAACGTGTAACGG,Singlet,103-4,103-4,FALSE,0.825241630524182,0.02,FALSE,FALSE,7770,3168,1124,4,6.74507921267403,1549,1090,9.29548727796447,6221,2433,37.3319731156985,16664,FALSE,sce_objects_e6b3a2ed,103-4,,4,2020-10-14,2.6,2.6,,2.6,CHOW,wt,12579,3211,0,0,n13,0.951451234164372,M,7747,3157,0.378378378378378,0.366666666666667
AAAGAACGTTGCACGC,Singlet,ObD-2,ObD-2,FALSE,1.20546879104884,0.02,FALSE,FALSE,11350,3587,1836,4,7.48288229540267,1310,1029,5.33909357678513,10040,3030,40.9194652755135,24536,FALSE,sce_objects_e6b3a2ed,ObD-2,,6,2020-09-05,5.32,5.32,3,5.32,CHOW,mut,12846,3583,21,21,n24,0.989529327649748,F,11340,3583,0.675675675675676,0.466666666666667
AAAGGATAGATCGCCC,Singlet,ObG-1,ObG-1,FALSE,1.01386828892971,0,FALSE,FALSE,9546,3505,1206,4,5.94147206621342,894,746,4.40437481525273,8652,3101,42.6248891516406,20298,FALSE,sce_objects_e6b3a2ed,ObG-1,,16,2020-10-16,9.12,9.12,5,9.12,CHOW,mut,12649,3503,3,3,n15,0.762127521009672,F,9534,3497,0.405405405405405,0.566666666666667
AAAGGATGTCATCCGG,Singlet,103-4,103-4,FALSE,1.16033009182454,0.06,FALSE,FALSE,10925,3459,1074,4,4.68504623974874,1189,941,5.18670389111848,9736,2911,42.4707729890072,22924,FALSE,sce_objects_e6b3a2ed,103-4,,4,2020-10-14,2.6,2.6,,2.6,CHOW,wt,12796,3455,12,12,n22,0.397488136259558,M,10916,3455,0.648648648648649,0.466666666666667
AAAGGATTCATAGAGA,Singlet,103-4,103-4,FALSE,0.608363456839448,0.02,FALSE,FALSE,5728,2505,1418,4,11.0144477240951,873,704,6.78110921236601,4855,2047,37.7116669255865,12874,FALSE,sce_objects_e6b3a2ed,103-4,,4,2020-10-14,2.6,2.6,,2.6,CHOW,wt,12370,2824,1,1,n22,0.904491138872546,M,5726,2503,0.756756756756757,0.433333333333333
AAAGGATTCTGACAGT,Singlet,ObG-1,ObG-1,FALSE,1.44974881038032,0.02,FALSE,FALSE,13650,3710,1143,4,4.01856344267482,1258,966,4.42288084941813,12392,3228,43.5678374292445,28443,FALSE,sce_objects_e6b3a2ed,ObG-1,,16,2020-10-16,9.12,9.12,5,9.12,CHOW,mut,13639,3707,7,7,n21,0.812536939045471,F,13646,3707,0.567567567567568,0.5
AAAGGGCAGATTTGCC,Singlet,ObD-2,ObD-2,FALSE,0.445545513519812,0,FALSE,FALSE,4195,2088,1365,4,13.9928241927217,555,469,5.68939005638134,3640,1773,37.3141978472578,9755,FALSE,sce_objects_e6b3a2ed,ObD-2,,6,2020-09-05,5.32,5.32,3,5.32,CHOW,mut,11387,3045,36,36,n18,0.672444583335559,F,4193,2086,0.432432432432432,0.6
AAAGGGCGTAACTTCG,Singlet,ObD-2,ObD-2,FALSE,0.961507397829526,0.02,FALSE,FALSE,9053,3344,1399,4,7.17251986670085,1091,885,5.59343758010767,7962,2802,40.8203024865419,19505,FALSE,sce_objects_e6b3a2ed,ObD-2,,6,2020-09-05,5.32,5.32,3,5.32,CHOW,mut,12651,3344,5,5,n34,0.454147875469783,F,9044,3337,0.405405405405405,0.4
AAAGGGCGTTGCTGAT,Singlet,103-4,103-4,FALSE,0.796352863020633,0.06,FALSE,FALSE,7498,3003,1317,4,8.07331576043646,996,794,6.10555998283578,6502,2500,39.857782136946,16313,FALSE,sce_objects_e6b3a2ed,103-4,,4,2020-10-14,2.6,2.6,,2.6,CHOW,wt,12634,3057,1,1,n22,0.71766843799871,M,7491,2998,0.54054054054054,0.466666666666667
AAAGGTAGTCGAGCAA,Singlet,ObD-2,ObD-2,FALSE,0.790511384297489,0.04,FALSE,FALSE,7443,2977,1662,4,10.0435097897027,1111,884,6.71380227217791,6332,2411,38.2644428329708,16548,FALSE,sce_objects_e6b3a2ed,ObD-2,,6,2020-09-05,5.32,5.32,3,5.32,CHOW,mut,12637,3044,1,1,n22,0.886607064864979,F,7437,2971,0.621621621621622,0.4
AAAGGTATCCAGCTCT,Singlet,ObD-2,ObD-2,FALSE,1.0374466212304,0.08,FALSE,FALSE,9768,3441,1601,4,7.57439560959455,993,822,4.69792307328382,8775,2976,41.5148791219189,21137,FALSE,sce_objects_e6b3a2ed,ObD-2,,6,2020-09-05,5.32,5.32,3,5.32,CHOW,mut,12688,3442,2,2,n23,1,F,9760,3438,0.621621621621622,0.466666666666667
AAAGGTATCGGTGAAG,Singlet,103-4,103-4,FALSE,0.79794599358149,0.04,FALSE,FALSE,7513,3086,1586,4,9.54731519383578,1329,1011,8.00024078979051,6184,2451,37.2261016132916,16612,FALSE,sce_objects_e6b3a2ed,103-4,,4,2020-10-14,2.6,2.6,,2.6,CHOW,wt,12685,3159,0,0,n13,0.868981839159704,M,7508,3081,0.756756756756757,0.6
AAAGTCCAGTTTCAGC,Singlet,103-4,103-4,FALSE,1.05943182297023,0.04,FALSE,FALSE,9975,3468,1786,4,8.21678321678322,1374,1022,6.32131026867869,8601,2892,39.5702981229297,21736,FALSE,sce_objects_e6b3a2ed,103-4,,4,2020-10-14,2.6,2.6,,2.6,CHOW,wt,12715,3472,5,5,n10,1,M,9973,3466,0.72972972972973,0.633333333333333
AAAGTCCCAACTGAAA,Singlet,ObD-2,ObD-2,FALSE,0.966499206920213,0.04,FALSE,FALSE,9100,3245,1838,4,9.17257211298533,1079,841,5.38476893901587,8021,2756,40.0289450044915,20038,FALSE,sce_objects_e6b3a2ed,ObD-2,,6,2020-09-05,5.32,5.32,3,5.32,CHOW,mut,12730,3246,3,3,n14,0.99182166016172,F,9093,3238,0.594594594594595,0.466666666666667
AAAGTCCCACTTGACA,Singlet,103-4,103-4,FALSE,0.948337518526438,0.04,FALSE,FALSE,8929,3268,1649,4,8.45337571128313,1205,964,6.17726969805711,7724,2713,39.5960424463013,19507,FALSE,sce_objects_e6b3a2ed,103-4,,4,2020-10-14,2.6,2.6,,2.6,CHOW,wt,12643,3282,10,10,n34,0.404572162183349,M,8922,3264,0.621621621621622,0.5
AAAGTGAAGGGAGGGT,Singlet,ObD-2,ObD-2,FALSE,0.852643476170931,0.06,FALSE,FALSE,8028,3128,1784,4,10,1031,836,5.77914798206278,6997,2640,39.2208520179372,17840,FALSE,sce_objects_e6b3a2ed,ObD-2,,6,2020-09-05,5.32,5.32,3,5.32,CHOW,mut,12627,3160,0,0,n13,0.99237900416495,F,8018,3121,0.648648648648649,0.4
AAAGTGAGTTAGAAGT,Singlet,ObG-1,ObG-1,FALSE,1.24232321135667,0.02,FALSE,FALSE,11697,3887,1653,4,6.59959276560067,1348,999,5.38188206172396,10349,3349,41.3183215554757,25047,FALSE,sce_objects_e6b3a2ed,ObG-1,,16,2020-10-16,9.12,9.12,5,9.12,CHOW,mut,12816,3878,3,3,n14,0.998255746431544,F,11684,3878,0.405405405405405,0.433333333333333
AAATGGAAGATAACGT,Singlet,ObD-2,ObD-2,FALSE,1.00866406243091,0.02,FALSE,FALSE,9497,3638,1562,4,7.5987546215217,1304,1019,6.34364662385678,8193,3025,39.8569760653824,20556,FALSE,sce_objects_e6b3a2ed,ObD-2,,6,2020-09-05,5.32,5.32,3,5.32,CHOW,mut,12628,3633,17,17,n13,0.520813784895185,F,9482,3629,0.378378378378378,0.433333333333333
AAATGGAAGATCCAAA,Singlet,103-4,103-4,FALSE,0.647342051228428,0.02,FALSE,FALSE,6095,2466,1103,4,8.2976002407282,951,756,7.15414127736403,5144,1960,38.6970586022719,13293,FALSE,sce_objects_e6b3a2ed,103-4,,4,2020-10-14,2.6,2.6,,2.6,CHOW,wt,12621,2732,32,32,n30,0.904555863683109,M,6087,2463,0.432432432432432,0.5
AAATGGAAGCCATTCA,Singlet,103-4,103-4,FALSE,0.939415987385636,0.02,FALSE,FALSE,8845,3346,1494,4,7.78773978315263,1698,1237,8.8511259382819,7147,2597,37.2550041701418,19184,FALSE,sce_objects_e6b3a2ed,103-4,,4,2020-10-14,2.6,2.6,,2.6,CHOW,wt,12604,3358,1,1,n22,0.967501714940201,M,8836,3340,0.72972972972973,0.0666666666666667
AAATGGAAGGGATCGT,Singlet,103-4,103-4,FALSE,0.650634521054201,0.02,FALSE,FALSE,6126,2695,1374,4,10.0836635843241,957,776,7.02333773667988,5169,2166,37.9348304711581,13626,FALSE,sce_objects_e6b3a2ed,103-4,,4,2020-10-14,2.6,2.6,,2.6,CHOW,wt,12606,2949,1,1,n22,1,M,6124,2693,0.72972972972973,0.333333333333333
AAATGGACAAGATTGA,Singlet,103-4,103-4,FALSE,0.969579259337871,0.02,FALSE,FALSE,9129,3188,1416,4,7.19731625495578,1365,1004,6.93809088136627,7764,2626,39.4632509911558,19674,FALSE,sce_objects_e6b3a2ed,103-4,,4,2020-10-14,2.6,2.6,,2.6,CHOW,wt,12688,3189,2,2,n23,1,M,9121,3183,0.594594594594595,0.366666666666667
AAATGGACAGGATGAC,Singlet,ObD-2,ObD-2,FALSE,0.746753398225936,0.02,FALSE,FALSE,7031,2623,966,4,6.42800106467927,765,628,5.09049773755656,6266,2225,41.6955017301038,15028,FALSE,sce_objects_e6b3a2ed,ObD-2,,6,2020-09-05,5.32,5.32,3,5.32,CHOW,mut,12730,2734,1,1,n22,0.83411184812768,F,7025,2617,0.594594594594595,0.233333333333333
AACAAAGCAAATGGAT,Singlet,ObD-2,ObD-2,FALSE,1.30541118156663,0.02,FALSE,FALSE,12291,3838,3881,4,13.6352457576503,1377,1053,4.83785967747602,10914,3246,38.3445174436988,28463,FALSE,sce_objects_e6b3a2ed,ObD-2,,6,2020-09-05,5.32,5.32,3,5.32,CHOW,mut,12967,3829,5,5,n11,0.524232089326918,F,12273,3829,0.513513513513514,0.533333333333333
AACAAAGCAGAACTAA,Singlet,ObD-2,ObD-2,FALSE,2.26787445773267,0.06,FALSE,FALSE,21353,5330,3310,4,7.19315020862309,2806,1866,6.09787899860918,18547,4468,40.3055458970793,46016,FALSE,sce_objects_e6b3a2ed,ObD-2,,6,2020-09-05,5.32,5.32,3,5.32,CHOW,mut,14539,5216,0,0,n13,0.969368531772397,F,21323,5310,0.405405405405405,0.333333333333333
AACAAAGGTGCAGATG,Singlet,ObD-2,ObD-2,FALSE,0.818338064760466,0.04,FALSE,FALSE,7705,2931,1322,4,7.9010279703562,981,759,5.86301697346402,6724,2477,40.1864690413579,16732,FALSE,sce_objects_e6b3a2ed,ObD-2,,6,2020-09-05,5.32,5.32,3,5.32,CHOW,mut,12677,2972,17,17,n13,0.719926362386606,F,7700,2926,0.513513513513514,0.433333333333333
AACAACCCACGCGCAT,Singlet,ObD-2,ObD-2,FALSE,1.46047588949009,0.02,FALSE,FALSE,13751,4131,2247,4,7.55319506538035,1744,1335,5.86238192880433,12007,3413,40.3610205385055,29749,FALSE,sce_objects_e6b3a2ed,ObD-2,,6,2020-09-05,5.32,5.32,3,5.32,CHOW,mut,13712,4123,20,20,n11,0.866967727605079,F,13738,4123,0.72972972972973,0.5
AACAACCTCGGACTGC,Singlet,96b-4,96b-4,FALSE,1.2449784289581,0.02,FALSE,FALSE,11722,3862,3572,4,13.2217944921528,1552,1186,5.74474385549304,10170,3219,37.6443588984306,27016,FALSE,sce_objects_e6b3a2ed,96b-4,,16,2020-09-25,7.5,7.5,5,7.5,HFD,wt,12862,3857,5,5,n34,0.466246564925919,F,11715,3857,0.513513513513514,0.366666666666667
AACAAGAAGCGATGGT,Singlet,ObD-2,ObD-2,FALSE,0.785731992614916,0.04,FALSE,FALSE,7398,2845,1383,4,8.54811793065084,852,702,5.26608566660486,6546,2419,40.4598553680697,16179,FALSE,sce_objects_e6b3a2ed,ObD-2,,6,2020-09-05,5.32,5.32,3,5.32,CHOW,mut,12726,2922,1,1,n22,0.967793629814688,F,7394,2841,0.45945945945946,0.0333333333333333
AACAAGAAGGCTCACC,Singlet,ObG-1,ObG-1,FALSE,1.27068093533994,0,FALSE,FALSE,11964,3654,1448,4,5.70617906683481,1058,850,4.16929382093317,10906,3198,42.9776166456494,25376,FALSE,sce_objects_e6b3a2ed,ObG-1,,16,2020-10-16,9.12,9.12,5,9.12,CHOW,mut,12940,3648,38,38,n24,0.587518651168619,F,11956,3648,0.432432432432432,0.666666666666667
AACAAGAAGGTGAGAA,Singlet,ObG-1,ObG-1,FALSE,1.32113006976709,0.06,FALSE,FALSE,12439,3576,1281,4,4.8969761841049,1180,914,4.51087579800451,11259,3078,43.040636109943,26159,FALSE,sce_objects_e6b3a2ed,ObG-1,,16,2020-10-16,9.12,9.12,5,9.12,CHOW,mut,13037,3568,9,9,n27,0.690529516842717,F,12425,3568,0.351351351351351,0.6
AACAAGACACAGTCCG,Singlet,ObG-1,ObG-1,FALSE,0.542195434211834,0.02,FALSE,FALSE,5105,2277,700,4,6.41613198900092,534,462,4.89459211732356,4571,1958,41.897341888176,10910,FALSE,sce_objects_e6b3a2ed,ObG-1,,16,2020-10-16,9.12,9.12,5,9.12,CHOW,mut,12285,2727,0,0,n13,1,F,5096,2272,0.0810810810810811,0.533333333333333
AACAAGACACTGTCCT,Singlet,ObG-1,ObG-1,FALSE,1.77251706201005,0.04,FALSE,FALSE,16689,4643,2248,4,6.30999831583675,1986,1467,5.57458036265649,14703,3938,41.2704204794251,35626,FALSE,sce_objects_e6b3a2ed,ObG-1,,16,2020-10-16,9.12,9.12,5,9.12,CHOW,mut,14441,4637,15,15,n07,1,F,16677,4637,0.54054054054054,0.566666666666667
AACAAGACAGGGAATC,Singlet,ObG-1,ObG-1,FALSE,1.50370283204136,0.06,FALSE,FALSE,14158,4265,2367,4,7.71436952058143,1413,1104,4.60515594954861,12745,3724,41.5376592901607,30683,FALSE,sce_objects_e6b3a2ed,ObG-1,,16,2020-10-16,9.12,9.12,5,9.12,CHOW,mut,13953,4258,1,1,n22,0.803706142771219,F,14135,4258,0.567567567567568,0.5
AACAAGATCGCTACGG,Singlet,ObG-1,ObG-1,FALSE,1.74713318174039,0,FALSE,FALSE,16450,4502,1374,4,4.00886969714653,1629,1222,4.75287389858202,14821,3949,43.2426912528447,34274,FALSE,sce_objects_e6b3a2ed,ObG-1,,16,2020-10-16,9.12,9.12,5,9.12,CHOW,mut,14433,4496,5,5,n10,1,F,16438,4496,0.216216216216216,0.466666666666667
AACACACCAAAGGCAC,Singlet,ObG-1,ObG-1,FALSE,1.96571069469003,0,FALSE,FALSE,18508,4843,2855,4,7.16059291214166,1924,1364,4.82556243886534,16584,4267,41.5941411050638,39871,FALSE,sce_objects_e6b3a2ed,ObG-1,,16,2020-10-16,9.12,9.12,5,9.12,CHOW,mut,14553,4831,0,0,n13,0.931905498096405,F,18498,4837,0.27027027027027,0.4
AACACACCAAGTGATA,Singlet,103-4,103-4,FALSE,1.03064926417074,0.04,FALSE,FALSE,9704,3373,1159,4,5.63524091992026,1451,1093,7.05499100500802,8253,2664,40.1273885350319,20567,FALSE,sce_objects_e6b3a2ed,103-4,,4,2020-10-14,2.6,2.6,,2.6,CHOW,wt,12677,3370,30,30,n05,0.856019945106266,M,9690,3368,0.567567567567568,0.333333333333333
AACACACCAATCTAGC,Singlet,103-4,103-4,FALSE,0.948868562046723,0.02,FALSE,FALSE,8934,3361,1050,4,5.55026958452268,1554,1134,8.21439898509356,7380,2650,39.0104662226451,18918,FALSE,sce_objects_e6b3a2ed,103-4,,4,2020-10-14,2.6,2.6,,2.6,CHOW,wt,12600,3367,1,1,n22,1,M,8919,3351,0.756756756756757,0.266666666666667
AACACACGTCAAGGCA,Singlet,ObG-1,ObG-1,FALSE,1.24604051599867,0,FALSE,FALSE,11732,3793,2265,4,8.80329589179525,1162,947,4.51630455905787,10570,3327,41.0820474950445,25729,FALSE,sce_objects_e6b3a2ed,ObG-1,,16,2020-10-16,9.12,9.12,5,9.12,CHOW,mut,12852,3785,5,5,n11,0.744796298009523,F,11720,3785,0.27027027027027,0.566666666666667
AACACACGTCATGGCC,Singlet,ObG-1,ObG-1,FALSE,1.23148992354284,0,FALSE,FALSE,11595,3982,2519,4,9.79812517017387,1240,994,4.82321366058579,10355,3470,40.2777237543273,25709,FALSE,sce_objects_e6b3a2ed,ObG-1,,16,2020-10-16,9.12,9.12,5,9.12,CHOW,mut,12788,3977,5,5,n11,0.743628221126734,F,11587,3977,0.324324324324324,0.5
AACACACTCGGTAAGG,Singlet,ObD-2,ObD-2,FALSE,1.31603205197235,0.08,FALSE,FALSE,12391,3713,2094,4,7.7913379967257,1272,975,4.73284714987349,11119,3226,41.3714838517637,26876,FALSE,sce_objects_e6b3a2ed,ObD-2,,6,2020-09-05,5.32,5.32,3,5.32,CHOW,mut,13013,3704,3,3,n21,0.768205990870669,F,12381,3704,0.351351351351351,0.533333333333333
AACAGGGCAAGGTACG,Singlet,96b-4,96b-4,FALSE,0.729122753352446,0,FALSE,FALSE,6865,2873,2057,4,13.0297079875847,893,737,5.65655285994806,5972,2422,37.8285931462596,15787,FALSE,sce_objects_e6b3a2ed,96b-4,,16,2020-09-25,7.5,7.5,5,7.5,HFD,wt,12690,3013,5,5,n10,0.932020613785967,F,6859,2868,0.648648648648649,0.666666666666667
AACAGGGTCTAATTCC,Singlet,103-4,103-4,FALSE,1.03511002974114,0.04,FALSE,FALSE,9746,3448,1348,4,6.46833013435701,1717,1209,8.23896353166987,8029,2711,38.5268714011516,20840,FALSE,sce_objects_e6b3a2ed,103-4,,4,2020-10-14,2.6,2.6,,2.6,CHOW,wt,12656,3447,1,1,n22,0.871047062741896,M,9740,3444,0.621621621621622,0.266666666666667
AACCAACCAGGTATGG,Singlet,ObG-1,ObG-1,FALSE,1.2457218898865,0.04,FALSE,FALSE,11729,3543,1563,4,6.24675272770872,1226,823,4.89988409735822,10503,3120,41.9767395387874,25021,FALSE,sce_objects_e6b3a2ed,ObG-1,,16,2020-10-16,9.12,9.12,5,9.12,CHOW,mut,12867,3533,26,26,n06,1,F,11715,3533,0.243243243243243,0.6
AACCAACTCCTCTGCA,Singlet,103-4,103-4,FALSE,1.37901381347825,0.08,FALSE,FALSE,12984,3998,1875,4,6.7341881262795,1557,1165,5.59206982006249,11427,3408,41.0408361167978,27843,FALSE,sce_objects_e6b3a2ed,103-4,,4,2020-10-14,2.6,2.6,,2.6,CHOW,wt,13192,3992,18,18,n34,0.572523466438596,M,12975,3992,0.675675675675676,0.7
AACCAACTCGCAATGT,Singlet,ObD-2,ObD-2,FALSE,1.26483945661679,0.06,FALSE,FALSE,11909,3900,2066,4,7.98176479678566,1568,1168,6.05779632205223,10341,3292,39.9513212795549,25884,FALSE,sce_objects_e6b3a2ed,ObD-2,,6,2020-09-05,5.32,5.32,3,5.32,CHOW,mut,12867,3893,15,15,n07,1,F,11900,3893,0.405405405405405,0.366666666666667
AACCAACTCTCTGCCA,Singlet,96b-4,96b-4,FALSE,1.77177360108165,0.04,FALSE,FALSE,16682,4694,4592,4,12.0982189904099,2043,1477,5.38254821372115,14639,3984,38.5683422910739,37956,FALSE,sce_objects_e6b3a2ed,96b-4,,16,2020-09-25,7.5,7.5,5,7.5,HFD,wt,14425,4677,7,7,n21,0.790989191665453,F,16660,4677,0.513513513513514,0.5
AACCAACTCTTTCGAT,Singlet,103-4,103-4,FALSE,0.97786353825433,0.02,FALSE,FALSE,9207,3448,1530,4,7.67148014440433,1325,1051,6.64360208584035,7882,2815,39.5206578419575,19944,FALSE,sce_objects_e6b3a2ed,103-4,,4,2020-10-14,2.6,2.6,,2.6,CHOW,wt,12678,3450,2,2,n23,0.698825568347292,M,9200,3441,0.783783783783784,0.3
AACCACAGTCTACATG,Singlet,ObG-1,ObG-1,FALSE,1.42064762546866,0,FALSE,FALSE,13376,4120,2354,4,8.08767951625095,1423,1115,4.88902631759775,11953,3568,41.0671339242768,29106,FALSE,sce_objects_e6b3a2ed,ObG-1,,16,2020-10-16,9.12,9.12,5,9.12,CHOW,mut,13411,4113,13,13,n08,1,F,13367,4113,0.297297297297297,0.533333333333333
AACCACATCAAATGCC,Singlet,ObD-2,ObD-2,FALSE,1.40407906763574,0,FALSE,FALSE,13220,4078,2345,4,8.14660413409762,1601,1192,5.56192461351398,11619,3498,40.3647733194372,28785,FALSE,sce_objects_e6b3a2ed,ObD-2,,6,2020-09-05,5.32,5.32,3,5.32,CHOW,mut,13293,4069,17,17,n13,0.592673937593154,F,13202,4069,0.45945945945946,0.6
AACCATGCATCCGGTG,Singlet,ObD-2,ObD-2,FALSE,0.78594441002303,0.02,FALSE,FALSE,7400,2834,1504,4,9.22473012757605,896,738,5.49558390578999,6504,2381,39.892051030422,16304,FALSE,sce_objects_e6b3a2ed,ObD-2,,6,2020-09-05,5.32,5.32,3,5.32,CHOW,mut,12753,2913,1,1,n22,0.94105543477002,F,7393,2829,0.486486486486487,0.0333333333333333
AACCATGCATGAATCC,Singlet,ObD-2,ObD-2,FALSE,2.17844672891654,0.04,FALSE,FALSE,20511,4538,2812,4,6.41511155723867,2179,1467,4.97102705662271,18332,3909,41.821417164758,43834,FALSE,sce_objects_e6b3a2ed,ObD-2,,6,2020-09-05,5.32,5.32,3,5.32,CHOW,mut,14462,4465,26,26,n06,1,F,20498,4527,0.405405405405405,0.6
AACCCAATCCACGGGT,Singlet,ObD-2,ObD-2,FALSE,0.997830774617077,0.06,FALSE,FALSE,9395,3196,1106,4,5.5589063128267,1200,943,6.0313630880579,8195,2644,41.1891837555288,19896,FALSE,sce_objects_e6b3a2ed,ObD-2,,6,2020-09-05,5.32,5.32,3,5.32,CHOW,mut,12725,3192,2,2,n23,0.926630641297476,F,9383,3189,0.45945945945946,0.433333333333333
AACCTGAAGGTAGTCG,Singlet,ObG-1,ObG-1,FALSE,1.08800196436161,0,FALSE,FALSE,10244,3439,1295,4,5.94500298397833,1094,880,5.02226506909058,9150,2933,42.0052334389203,21783,FALSE,sce_objects_e6b3a2ed,ObG-1,,16,2020-10-16,9.12,9.12,5,9.12,CHOW,mut,12751,3437,13,13,n08,0.731704756147089,F,10235,3433,0.297297297297297,0.666666666666667
AACCTGACATTGTCGA,Singlet,ObD-2,ObD-2,FALSE,0.672194887977805,0.02,FALSE,FALSE,6329,2326,1380,4,9.83046017951275,751,622,5.34976492377832,5578,1929,39.7350049864653,14038,FALSE,sce_objects_e6b3a2ed,ObD-2,,6,2020-09-05,5.32,5.32,3,5.32,CHOW,mut,12769,2552,4,4,n20,0.998274648124959,F,6322,2322,0.486486486486487,0
AACCTGATCGGTGAAG,Singlet,96b-4,96b-4,FALSE,0.977332494734044,0.02,FALSE,FALSE,9202,3693,2555,4,12.1904671024381,1615,1230,7.7055203015411,7587,2903,36.1992461472398,20959,FALSE,sce_objects_e6b3a2ed,96b-4,,16,2020-09-25,7.5,7.5,5,7.5,HFD,wt,12550,3697,3,3,n14,0.933654608772964,F,9191,3687,0.486486486486487,0.533333333333333
AACCTTTCACTCCACT,Singlet,ObD-2,ObD-2,FALSE,1.93745917941083,0.04,FALSE,FALSE,18242,4381,2582,4,6.60932780422874,1740,1312,4.45400092151743,16502,3749,42.2413351763682,39066,FALSE,sce_objects_e6b3a2ed,ObD-2,,6,2020-09-05,5.32,5.32,3,5.32,CHOW,mut,14374,4370,9,9,n24,0.95235505931865,F,18230,4374,0.405405405405405,0.333333333333333
AACCTTTCAGGCATTT,Singlet,ObD-2,ObD-2,FALSE,1.60099000495772,0.08,FALSE,FALSE,15074,4332,2022,4,6.28535903015232,1835,1335,5.70407211687908,13239,3661,41.1532483680448,32170,FALSE,sce_objects_e6b3a2ed,ObD-2,,6,2020-09-05,5.32,5.32,3,5.32,CHOW,mut,14234,4326,29,29,n33,0.856825801295849,F,15068,4326,0.567567567567568,0.366666666666667
AACCTTTGTTCCGCGA,Singlet,96b-4,96b-4,FALSE,1.02268361136645,0.04,FALSE,FALSE,9629,3552,3015,4,13.5365689399722,1361,1077,6.11053742199075,8268,2925,37.1211781080232,22273,FALSE,sce_objects_e6b3a2ed,96b-4,,16,2020-09-25,7.5,7.5,5,7.5,HFD,wt,12610,3554,13,13,n07,1,F,9618,3544,0.405405405405405,0.4
AACCTTTTCAAGTTGC,Singlet,ObD-2,ObD-2,FALSE,1.07982389414921,0.02,FALSE,FALSE,10167,3623,1735,4,7.86170646608365,1239,987,5.61420997779691,8928,3119,40.4549367891613,22069,FALSE,sce_objects_e6b3a2ed,ObD-2,,6,2020-09-05,5.32,5.32,3,5.32,CHOW,mut,12661,3618,5,5,n10,1,F,10158,3617,0.567567567567568,0.433333333333333
AACGAAAGTAACCCGC,Singlet,103-4,103-4,FALSE,0.825454047932296,0.04,FALSE,FALSE,7772,3110,1114,4,6.68747748829391,1479,1084,8.878616880778,6293,2412,37.777644375075,16658,FALSE,sce_objects_e6b3a2ed,103-4,,4,2020-10-14,2.6,2.6,,2.6,CHOW,wt,12586,3160,0,0,n13,0.745945085305641,M,7763,3103,0.648648648648649,0.366666666666667
AACGAAAGTACGCGTC,Singlet,ObD-2,ObD-2,FALSE,0.982218095120674,0,FALSE,FALSE,9248,3341,2039,4,9.92938884830777,1117,897,5.43949354760166,8131,2835,39.5958120282445,20535,FALSE,sce_objects_e6b3a2ed,ObD-2,,6,2020-09-05,5.32,5.32,3,5.32,CHOW,mut,12700,3345,2,2,n23,0.784637493593402,F,9236,3334,0.405405405405405,0.333333333333333
AACGAAAGTGAGGATC,Singlet,ObD-2,ObD-2,FALSE,1.26760088292228,0.06,FALSE,FALSE,11935,4107,2323,4,8.86878173557821,1578,1198,6.02451036536479,10357,3465,39.5410987668461,26193,FALSE,sce_objects_e6b3a2ed,ObD-2,,6,2020-09-05,5.32,5.32,3,5.32,CHOW,mut,12814,4096,0,0,n13,0.995251638509462,F,11919,4096,0.594594594594595,0.2
AACGAAAGTGCTAGCC,Singlet,ObD-2,ObD-2,FALSE,1.03787145604663,0.02,FALSE,FALSE,9772,3209,1056,4,5.12621359223301,932,771,4.5242718446602,8840,2764,42.9126213592233,20600,FALSE,sce_objects_e6b3a2ed,ObD-2,,6,2020-09-05,5.32,5.32,3,5.32,CHOW,mut,12742,3208,21,21,n24,0.996832954065186,F,9764,3205,0.486486486486487,0.366666666666667
AACGAAAGTGTGAATA,Singlet,ObG-1,ObG-1,FALSE,1.84537623299326,0.04,FALSE,FALSE,17375,4753,2483,4,6.66881529825692,2110,1475,5.66701581930008,15265,4039,40.9985765315715,37233,FALSE,sce_objects_e6b3a2ed,ObG-1,,16,2020-10-16,9.12,9.12,5,9.12,CHOW,mut,14484,4745,33,33,n04,0.833074452996167,F,17367,4746,0.432432432432432,0.6
AACGAAAGTTCGGCTG,Singlet,ObD-2,ObD-2,FALSE,1.38974089258802,0.06,FALSE,FALSE,13085,3861,2286,4,8.03345515884172,1398,1060,4.91284790553838,11687,3284,41.0704245150408,28456,FALSE,sce_objects_e6b3a2ed,ObD-2,,6,2020-09-05,5.32,5.32,3,5.32,CHOW,mut,13261,3857,12,12,n22,0.678531131543936,F,13081,3857,0.54054054054054,0.233333333333333
AACGAAATCTACTCAT,Singlet,ObD-2,ObD-2,FALSE,1.79853819450405,0.08,FALSE,FALSE,16934,4476,2734,4,7.46953718376045,1770,1293,4.83580132233211,15164,3870,41.4294300857877,36602,FALSE,sce_objects_e6b3a2ed,ObD-2,,6,2020-09-05,5.32,5.32,3,5.32,CHOW,mut,14437,4466,26,26,n06,0.965975540318772,F,16919,4467,0.45945945945946,0.433333333333333
AACGGGAGTAGTGCGA,Singlet,ObG-1,ObG-1,FALSE,1.09394965178881,0,FALSE,FALSE,10300,3636,1830,4,8.15871600534998,1028,841,4.58314757021846,9272,3178,41.3374944271066,22430,FALSE,sce_objects_e6b3a2ed,ObG-1,,16,2020-10-16,9.12,9.12,5,9.12,CHOW,mut,12725,3630,1,1,n22,0.975077233359752,F,10290,3630,0.405405405405405,0.466666666666667
AACGTCAAGGAATGTT,Singlet,ObD-2,ObD-2,FALSE,1.00420329686051,0.02,FALSE,FALSE,9455,3263,1654,4,8.04318226026065,1042,807,5.06710756662128,8413,2817,40.9113013032484,20564,FALSE,sce_objects_e6b3a2ed,ObD-2,,6,2020-09-05,5.32,5.32,3,5.32,CHOW,mut,12655,3262,4,4,n20,1,F,9449,3259,0.54054054054054,0
AACGTCAAGTCCCGAC,Singlet,103-4,103-4,FALSE,1.20578741716101,0.06,FALSE,FALSE,11353,3722,1751,4,7.15950443635769,1444,1116,5.90424009486037,9909,3127,40.5160076869608,24457,FALSE,sce_objects_e6b3a2ed,103-4,,4,2020-10-14,2.6,2.6,,2.6,CHOW,wt,12818,3716,3,3,n15,0.791543578386757,M,11339,3716,0.432432432432432,0.433333333333333
AACGTCACACCAGCTG,Singlet,103-4,103-4,FALSE,0.951417570944095,0.02,FALSE,FALSE,8958,3351,1589,4,8.14662906946937,1465,1088,7.51089464239939,7493,2714,38.4157908228659,19505,FALSE,sce_objects_e6b3a2ed,103-4,,4,2020-10-14,2.6,2.6,,2.6,CHOW,wt,12649,3357,0,0,n13,0.893070118284426,M,8952,3345,0.54054054054054,0.433333333333333
AACGTCACAGCATACT,Singlet,103-4,103-4,FALSE,0.815789055863094,0.04,FALSE,FALSE,7681,3024,1393,4,8.31393613846613,966,761,5.76544315129812,6715,2592,40.0775887794688,16755,FALSE,sce_objects_e6b3a2ed,103-4,,4,2020-10-14,2.6,2.6,,2.6,CHOW,wt,12596,3068,3,3,n14,0.493567977044557,M,7676,3021,0.675675675675676,0.6
AACGTCAGTTAGGACG,Singlet,ObG-1,ObG-1,FALSE,0.915094194156545,0.04,FALSE,FALSE,8616,3164,1264,4,6.83391003460208,1010,790,5.4606401384083,7606,2717,41.1224048442907,18496,FALSE,sce_objects_e6b3a2ed,ObG-1,,16,2020-10-16,9.12,9.12,5,9.12,CHOW,mut,12684,3168,1,1,n22,0.974140909954144,F,8612,3160,0.243243243243243,0.366666666666667
AACTTCTCAGCTGTCG,Singlet,96b-4,96b-4,FALSE,1.45867034152112,0.02,FALSE,FALSE,13734,4446,4427,4,13.8799184825208,1938,1450,6.07618749020223,11796,3708,36.9838532685374,31895,FALSE,sce_objects_e6b3a2ed,96b-4,,16,2020-09-25,7.5,7.5,5,7.5,HFD,wt,13711,4435,3,3,n15,0.838508846289737,F,13722,4435,0.45945945945946,0.5
AACTTCTCATGAAAGT,Singlet,ObD-2,ObD-2,FALSE,1.03850870827097,0.02,FALSE,FALSE,9778,3094,1393,4,6.64948207551673,999,778,4.76872404410712,8779,2647,41.9065349181345,20949,FALSE,sce_objects_e6b3a2ed,ObD-2,,6,2020-09-05,5.32,5.32,3,5.32,CHOW,mut,12783,3091,9,9,n27,0.540461279463948,F,9768,3089,0.54054054054054,0.533333333333333
AACTTCTGTAGCTCGC,Singlet,ObG-1,ObG-1,FALSE,1.27726587499148,0.04,FALSE,FALSE,12026,3766,1372,4,5.39647577092511,1136,912,4.46821900566394,10890,3273,42.8335431088735,25424,FALSE,sce_objects_e6b3a2ed,ObG-1,,16,2020-10-16,9.12,9.12,5,9.12,CHOW,mut,12925,3758,19,19,n09,1,F,12018,3758,0.216216216216216,0.4
AACTTCTTCACGAACT,Singlet,ObG-1,ObG-1,FALSE,1.78388139334416,0.02,FALSE,FALSE,16796,4889,2086,4,5.84674028813274,1919,1419,5.37866472335893,14877,4227,41.6979651325747,35678,FALSE,sce_objects_e6b3a2ed,ObG-1,,16,2020-10-16,9.12,9.12,5,9.12,CHOW,mut,14512,4874,17,17,n13,0.464600203594359,F,16774,4874,0.378378378378378,0.633333333333333
AACTTCTTCTCCCTAG,Singlet,ObG-1,ObG-1,FALSE,1.58622699509378,0.04,FALSE,FALSE,14935,4524,2270,4,7.06285003111388,1881,1373,5.85252022401991,13054,3890,40.6160547604232,32140,FALSE,sce_objects_e6b3a2ed,ObG-1,,16,2020-10-16,9.12,9.12,5,9.12,CHOW,mut,14266,4515,0,0,n13,0.96090430538931,F,14925,4515,0.0810810810810811,0.566666666666667
AAGAACAAGCGCAATG,Singlet,ObD-2,ObD-2,FALSE,0.922953638256775,0,FALSE,FALSE,8690,3263,1797,4,9.37060019815404,1037,838,5.40751942431037,7653,2792,39.9071804766126,19177,FALSE,sce_objects_e6b3a2ed,ObD-2,,6,2020-09-05,5.32,5.32,3,5.32,CHOW,mut,12658,3271,2,2,n23,0.325306990277768,F,8686,3259,0.54054054054054,0.433333333333333
AAGAACATCATTTGGG,Singlet,103-4,103-4,FALSE,0.581174028600814,0.04,FALSE,FALSE,5472,2460,1015,4,8.48733171669872,808,670,6.75641776068233,4664,2035,38.9999163809683,11959,FALSE,sce_objects_e6b3a2ed,103-4,,4,2020-10-14,2.6,2.6,,2.6,CHOW,wt,12307,2827,1,1,n22,0.918108110271223,M,5466,2455,0.702702702702703,0.433333333333333
AAGAACATCCAAGCCG,Singlet,96b-4,96b-4,FALSE,0.808354446579092,0.02,FALSE,FALSE,7611,3046,1709,4,10.0939105782293,1026,862,6.05989014234245,6585,2507,38.8931545685429,16931,FALSE,sce_objects_e6b3a2ed,96b-4,,16,2020-09-25,7.5,7.5,5,7.5,HFD,wt,12607,3092,1,1,n22,0.965274731754232,F,7601,3037,0.378378378378378,0.366666666666667
AAGAACATCGACCAAT,Singlet,103-4,103-4,FALSE,0.61091246573682,0.04,FALSE,FALSE,5752,2547,966,4,7.74659182036889,1213,912,9.72734562951083,4539,1885,36.3993584603047,12470,FALSE,sce_objects_e6b3a2ed,103-4,,4,2020-10-14,2.6,2.6,,2.6,CHOW,wt,12458,2887,1,1,n26,0.335520956266372,M,5748,2544,0.675675675675676,0.3
AAGACAACACAGTCGC,Singlet,ObG-1,ObG-1,FALSE,1.79938786413651,0.02,FALSE,FALSE,16942,4725,2332,4,6.43914292025624,1850,1343,5.10823945217583,15092,4116,41.672189087696,36216,FALSE,sce_objects_e6b3a2ed,ObG-1,,16,2020-10-16,9.12,9.12,5,9.12,CHOW,mut,14478,4716,2,2,n23,0.9121387367809,F,16925,4716,0.297297297297297,0.6
AAGACAAGTATTCTCT,Singlet,103-4,103-4,FALSE,1.21885108776004,0,FALSE,FALSE,11476,3814,1479,4,6.05378412672424,1558,1189,6.37714379272236,9918,3138,40.5959641439155,24431,FALSE,sce_objects_e6b3a2ed,103-4,,4,2020-10-14,2.6,2.6,,2.6,CHOW,wt,12817,3806,2,2,n23,0.78982515011367,M,11466,3806,0.675675675675676,0.433333333333333
AAGACAATCATTTGCT,Singlet,ObG-1,ObG-1,FALSE,1.9556208678046,0,FALSE,FALSE,18413,4572,2727,4,6.89454655778323,1795,1338,4.53821454756908,16618,3964,42.0145121735393,39553,FALSE,sce_objects_e6b3a2ed,ObG-1,,16,2020-10-16,9.12,9.12,5,9.12,CHOW,mut,14415,4559,13,13,n08,1,F,18405,4565,0.297297297297297,0.7
AAGACTCAGACCTCCG,Singlet,ObG-1,ObG-1,FALSE,1.45070468871683,0.06,FALSE,FALSE,13659,3923,2790,4,9.26664009565564,1459,1104,4.84588813604358,12200,3340,40.5207918161286,30108,FALSE,sce_objects_e6b3a2ed,ObG-1,,16,2020-10-16,9.12,9.12,5,9.12,CHOW,mut,13639,3914,8,8,n24,0.441328981257585,F,13648,3914,0.405405405405405,0.566666666666667
AAGACTCAGGTAGCCA,Singlet,ObG-1,ObG-1,FALSE,0.411877354333691,0,FALSE,FALSE,3878,2004,1174,4,13.1466965285554,473,415,5.29675251959687,3405,1730,38.1298992161254,8930,FALSE,sce_objects_e6b3a2ed,ObG-1,,16,2020-10-16,9.12,9.12,5,9.12,CHOW,mut,11294,3071,36,36,n30,0.424370874546105,F,3873,1999,0.324324324324324,0.366666666666667
AAGACTCCAGGTGGAT,Singlet,103-4,103-4,FALSE,1.12602468041408,0.02,FALSE,FALSE,10602,3654,1479,4,6.52030154741436,1515,1158,6.67901071286867,9087,3007,40.0608385134242,22683,FALSE,sce_objects_e6b3a2ed,103-4,,4,2020-10-14,2.6,2.6,,2.6,CHOW,wt,12736,3646,33,33,n13,0.304547422067076,M,10594,3646,0.45945945945946,0.5
AAGACTCCATAATCCG,Singlet,ObD-2,ObD-2,FALSE,1.27259269201297,0.02,FALSE,FALSE,11982,3829,2285,4,8.70509352737247,1460,1141,5.56211665206294,10522,3271,40.0853365842508,26249,FALSE,sce_objects_e6b3a2ed,ObD-2,,6,2020-09-05,5.32,5.32,3,5.32,CHOW,mut,12893,3822,5,5,n10,0.868785837839724,F,11972,3822,0.432432432432432,0.433333333333333
AAGACTCGTTTGATCG,Singlet,ObD-2,ObD-2,FALSE,0.747284441746222,0.02,FALSE,FALSE,7036,3030,1973,4,12.2966656279215,957,769,5.96447491430352,6079,2578,37.8871922717357,16045,FALSE,sce_objects_e6b3a2ed,ObD-2,,6,2020-09-05,5.32,5.32,3,5.32,CHOW,mut,12612,3147,1,1,n22,0.97011658148376,F,7026,3024,0.621621621621622,0.233333333333333
AAGACTCTCGGACTGC,Singlet,ObG-1,ObG-1,FALSE,1.8080969778692,0.08,FALSE,FALSE,17024,4529,2420,4,6.63595480969617,1656,1217,4.54096742349457,15368,3967,42.1410551716573,36468,FALSE,sce_objects_e6b3a2ed,ObG-1,,16,2020-10-16,9.12,9.12,5,9.12,CHOW,mut,14400,4524,5,5,n34,0.859133657067682,F,17015,4524,0.567567567567568,0.666666666666667
AAGATAGAGGTACTGG,Singlet,103-4,103-4,FALSE,0.622701631887166,0,FALSE,FALSE,5863,2384,993,4,7.80721754854941,894,707,7.02885446969101,4969,1900,39.0675367560343,12719,FALSE,sce_objects_e6b3a2ed,103-4,,4,2020-10-14,2.6,2.6,,2.6,CHOW,wt,12538,2668,4,4,n21,0.530941482908754,M,5857,2378,0.675675675675676,1
AAGATAGCACGGTGAA,Singlet,ObD-2,ObD-2,FALSE,0.878239773848708,0.02,FALSE,FALSE,8269,3180,1763,4,9.63335336866838,1213,950,6.62805311185181,7056,2588,38.555270203814,18301,FALSE,sce_objects_e6b3a2ed,ObD-2,,6,2020-09-05,5.32,5.32,3,5.32,CHOW,mut,12611,3201,1,1,n22,0.977667013741407,F,8263,3175,0.72972972972973,0.133333333333333
AAGATAGGTTAGAGAT,Singlet,103-4,103-4,FALSE,1.04817370034017,0.06,FALSE,FALSE,9869,3488,1710,4,7.9727713539724,1274,997,5.93994778067885,8595,2929,40.073666542335,21448,FALSE,sce_objects_e6b3a2ed,103-4,,4,2020-10-14,2.6,2.6,,2.6,CHOW,wt,12716,3483,5,5,n10,0.67975015781822,M,9858,3480,0.432432432432432,0.7
AAGATAGTCCACTTTA,Singlet,96b-4,96b-4,FALSE,1.16978266648563,0.02,FALSE,FALSE,11014,3566,3676,4,14.301276065982,1435,1051,5.58278867102397,9579,3009,37.2665732959851,25704,FALSE,sce_objects_e6b3a2ed,96b-4,,16,2020-09-25,7.5,7.5,5,7.5,HFD,wt,12715,3560,0,0,n13,0.888946891332544,F,11004,3560,0.783783783783784,0.666666666666667
AAGCATCGTAGTCACT,Singlet,ObD-2,ObD-2,FALSE,1.04254463902514,0.06,FALSE,FALSE,9816,3534,2365,4,10.7514661090149,1237,970,5.62349411283357,8579,3006,39.000772832659,21997,FALSE,sce_objects_e6b3a2ed,ObD-2,,6,2020-09-05,5.32,5.32,3,5.32,CHOW,mut,12650,3536,9,9,n27,0.934018928580557,F,9809,3532,0.594594594594595,0.5
AAGCATCGTTAGGCTT,Singlet,103-4,103-4,FALSE,0.726679953159132,0.04,FALSE,FALSE,6842,2895,982,4,6.69575889813173,1060,846,7.22760125460248,5782,2348,39.4245192963317,14666,FALSE,sce_objects_e6b3a2ed,103-4,,4,2020-10-14,2.6,2.6,,2.6,CHOW,wt,12675,3036,15,15,n07,1,M,6832,2888,0.567567567567568,0.566666666666667
AAGCATCGTTAGGGTG,Singlet,ObD-2,ObD-2,FALSE,0.848395128008644,0.02,FALSE,FALSE,7988,3098,1554,4,8.86480319452367,956,776,5.45350827153451,7032,2621,40.1140901312037,17530,FALSE,sce_objects_e6b3a2ed,ObD-2,,6,2020-09-05,5.32,5.32,3,5.32,CHOW,mut,12640,3130,2,2,n23,1,F,7986,3097,0.621621621621622,0.233333333333333
AAGCATCTCACCTGTC,Singlet,ObD-2,ObD-2,FALSE,0.939522196089693,0.04,FALSE,FALSE,8846,3029,1575,4,8.17459905537967,970,764,5.03451497378938,7876,2613,40.8781854985208,19267,FALSE,sce_objects_e6b3a2ed,ObD-2,,6,2020-09-05,5.32,5.32,3,5.32,CHOW,mut,12728,3042,4,4,n20,0.648364357927444,F,8844,3027,0.648648648648649,0
AAGCATCTCAGTGTTG,Singlet,ObG-1,ObG-1,FALSE,2.64119805249361,0.04,FALSE,FALSE,24868,5429,4105,4,7.62430118311324,2515,1694,4.67116138258948,22353,4702,41.5166880258539,53841,FALSE,sce_objects_e6b3a2ed,ObG-1,,16,2020-10-16,9.12,9.12,5,9.12,CHOW,mut,14639,5012,0,0,n13,0.802797470453151,F,24857,5420,0.27027027027027,0.433333333333333
AAGCATCTCGTGTGGC,Singlet,ObG-1,ObG-1,FALSE,2.17844672891654,0.06,FALSE,FALSE,20511,4906,2538,4,5.82644628099174,1939,1390,4.45133149678604,18572,4273,42.6354453627181,43560,FALSE,sce_objects_e6b3a2ed,ObG-1,,16,2020-10-16,9.12,9.12,5,9.12,CHOW,mut,14459,4854,7,7,n21,0.774871378136051,F,20498,4900,0.351351351351351,0.5
AAGCCATCAGAGTAAT,Singlet,103-4,103-4,FALSE,0.683877845424094,0.02,FALSE,FALSE,6439,2660,991,4,7.14543225899488,831,672,5.99178022928834,5608,2246,40.4355036412142,13869,FALSE,sce_objects_e6b3a2ed,103-4,,4,2020-10-14,2.6,2.6,,2.6,CHOW,wt,12762,2876,1,1,n22,0.53488849181922,M,6437,2658,0.648648648648649,0.366666666666667
AAGCCATGTATAGGGC,Singlet,ObD-2,ObD-2,FALSE,1.1530016912446,0.02,FALSE,FALSE,10856,3858,2002,4,8.44227038879986,1214,961,5.1193387872143,9642,3373,40.6595260183858,23714,FALSE,sce_objects_e6b3a2ed,ObD-2,,6,2020-09-05,5.32,5.32,3,5.32,CHOW,mut,12712,3851,0,0,n13,0.551251127607174,F,10848,3851,0.513513513513514,0.2
AAGCGAGAGGTAGCAC,Singlet,ObG-1,ObG-1,FALSE,1.96369272931295,0.04,FALSE,FALSE,18489,4742,3896,4,9.53173166315995,1613,1229,3.94627391495816,16876,4168,41.2878602534619,40874,FALSE,sce_objects_e6b3a2ed,ObG-1,,16,2020-10-16,9.12,9.12,5,9.12,CHOW,mut,14496,4725,3,3,n15,0.600130922066109,F,18470,4732,0.216216216216216,0.466666666666667
AAGCGAGAGTTAGAAC,Singlet,ObG-1,ObG-1,FALSE,1.34534565429213,0.06,FALSE,FALSE,12667,3712,1394,4,5.21550434001796,1221,947,4.56824304100569,11446,3227,42.8240047889853,26728,FALSE,sce_objects_e6b3a2ed,ObG-1,,16,2020-10-16,9.12,9.12,5,9.12,CHOW,mut,13101,3707,4,4,n32,0.604878814770785,F,12662,3707,0.513513513513514,0.5
AAGCGAGCATTCACCC,Singlet,103-4,103-4,FALSE,1.1048891483067,0.02,FALSE,FALSE,10403,3784,2441,4,10.5002796059707,1907,1389,8.20320901621715,8496,2918,36.5466511807975,23247,FALSE,sce_objects_e6b3a2ed,103-4,,4,2020-10-14,2.6,2.6,,2.6,CHOW,wt,12660,3779,9,9,n27,0.654653333010579,M,10392,3777,0.72972972972973,0.5
AAGCGAGTCGGCTGTG,Singlet,ObG-1,ObG-1,FALSE,1.65749303551614,0,FALSE,FALSE,15606,4592,2863,4,8.40205429200294,1556,1190,4.56639765223771,14050,4038,41.2325752017608,34075,FALSE,sce_objects_e6b3a2ed,ObG-1,,16,2020-10-16,9.12,9.12,5,9.12,CHOW,mut,14349,4581,38,38,n24,0.616187979681564,F,15586,4581,0.54054054054054,0.633333333333333
AAGCGTTAGCTAAACA,Singlet,96b-4,96b-4,FALSE,1.69976409973089,0.04,FALSE,FALSE,16004,3889,4277,4,11.7872399062974,1716,1232,4.72922695328648,14288,3270,39.3771530935648,36285,FALSE,sce_objects_e6b3a2ed,96b-4,,16,2020-09-25,7.5,7.5,5,7.5,HFD,wt,14281,3880,25,25,n23,0.516409440762434,F,15992,3880,0.783783783783784,0.633333333333333
AAGCGTTGTTTACCTT,Singlet,ObG-1,ObG-1,FALSE,1.63710096433716,0.02,FALSE,FALSE,15414,4240,1535,4,4.7430707907178,1365,1066,4.2177795630813,14049,3697,43.4106850415598,32363,FALSE,sce_objects_e6b3a2ed,ObG-1,,16,2020-10-16,9.12,9.12,5,9.12,CHOW,mut,14239,4232,21,21,n24,0.943434291794845,F,15398,4232,0.432432432432432,0.5
AAGGAATAGAAATTCG,Singlet,ObG-1,ObG-1,FALSE,1.80777835175703,0.02,FALSE,FALSE,17021,4493,2198,4,6.06512141280353,1509,1136,4.16390728476821,15512,3975,42.80353200883,36240,FALSE,sce_objects_e6b3a2ed,ObG-1,,16,2020-10-16,9.12,9.12,5,9.12,CHOW,mut,14393,4481,3,3,n21,0.60603058695592,F,17009,4481,0.351351351351351,0.7
AAGGAATCAAAGGCTG,Singlet,ObD-2,ObD-2,FALSE,0.888542018142253,0.02,FALSE,FALSE,8366,3214,1332,4,7.37378210806023,1189,941,6.58215234720992,7177,2609,39.73095659876,18064,FALSE,sce_objects_e6b3a2ed,ObD-2,,6,2020-09-05,5.32,5.32,3,5.32,CHOW,mut,12662,3237,19,19,n09,1,F,8357,3206,0.594594594594595,0.7
AAGGAATGTAAGGAGA,Singlet,ObG-1,ObG-1,FALSE,1.45197919316552,0,FALSE,FALSE,13671,4112,2429,4,8.15894662591112,1527,1144,5.12915253098653,12144,3552,40.7913741560579,29771,FALSE,sce_objects_e6b3a2ed,ObG-1,,16,2020-10-16,9.12,9.12,5,9.12,CHOW,mut,13660,4109,32,32,n30,0.919928479644553,F,13668,4109,0.702702702702703,0.766666666666667
AAGGAATTCTCGCTCA,Singlet,ObG-1,ObG-1,FALSE,1.61214191888373,0,FALSE,FALSE,15179,4466,2530,4,7.69277548041839,1661,1222,5.05047433714425,13518,3888,41.1031379226466,32888,FALSE,sce_objects_e6b3a2ed,ObG-1,,16,2020-10-16,9.12,9.12,5,9.12,CHOW,mut,14272,4457,2,2,n23,1,F,15168,4457,0.486486486486487,0.433333333333333
AAGTACCAGAAGAACG,Singlet,103-4,103-4,FALSE,1.45527166299129,0,FALSE,FALSE,13702,4221,1694,4,5.82170595917245,1685,1221,5.7907759983504,12017,3621,41.2983710220634,29098,FALSE,sce_objects_e6b3a2ed,103-4,,4,2020-10-14,2.6,2.6,,2.6,CHOW,wt,13674,4216,2,2,n23,0.365135829059423,M,13686,4216,0.621621621621622,0.333333333333333
AAGTACCAGCAGTCTT,Singlet,103-4,103-4,FALSE,0.905004367271114,0.04,FALSE,FALSE,8521,3199,1620,4,8.68074161397492,1549,1131,8.3002893580538,6972,2465,37.3593398349587,18662,FALSE,sce_objects_e6b3a2ed,103-4,,4,2020-10-14,2.6,2.6,,2.6,CHOW,wt,12646,3216,1,1,n22,0.960966635947782,M,8514,3194,0.756756756756757,0.6
AAGTACCCAGATCCTA,Singlet,ObD-2,ObD-2,FALSE,1.93087423975928,0.04,FALSE,FALSE,18180,4595,2406,4,6.20646958675128,1886,1344,4.86508796367951,16294,3975,42.0316772429448,38766,FALSE,sce_objects_e6b3a2ed,ObD-2,,6,2020-09-05,5.32,5.32,3,5.32,CHOW,mut,14455,4582,33,33,n04,0.740633389300471,F,18167,4588,0.432432432432432,0.5
AAGTACCCAGGACTTT,Singlet,ObD-2,ObD-2,FALSE,0.727529622791589,0.08,FALSE,FALSE,6850,2614,776,4,5.36059684995855,942,736,6.50732246476927,5908,2152,40.8123791102515,14476,FALSE,sce_objects_e6b3a2ed,ObD-2,,6,2020-09-05,5.32,5.32,3,5.32,CHOW,mut,12794,2752,7,7,n32,0.838904001113777,F,6848,2612,0.702702702702703,0.4
AAGTACCCATGACTGT,Singlet,103-4,103-4,FALSE,1.11689073186516,0.04,FALSE,FALSE,10516,3737,1775,4,7.7826982943833,1448,1103,6.34892796071382,9068,3107,39.7597228920945,22807,FALSE,sce_objects_e6b3a2ed,103-4,,4,2020-10-14,2.6,2.6,,2.6,CHOW,wt,12699,3730,5,5,n34,0.459810132982415,M,10502,3730,0.54054054054054,0.533333333333333
AAGTACCTCCGGGACT,Singlet,ObG-1,ObG-1,FALSE,0.952161031872496,0.02,FALSE,FALSE,8965,3325,1628,4,8.32395950506187,900,728,4.60169751508334,8065,2944,41.2363227323857,19558,FALSE,sce_objects_e6b3a2ed,ObG-1,,16,2020-10-16,9.12,9.12,5,9.12,CHOW,mut,12653,3333,0,0,n13,0.6353611683571,F,8959,3321,0.324324324324324,0.566666666666667
AAGTCGTCAAAGCACG,Singlet,103-4,103-4,FALSE,0.671132800937234,0,FALSE,FALSE,6319,2480,1005,4,7.36641501136114,725,616,5.31408048083266,5594,2091,41.0027120134868,13643,FALSE,sce_objects_e6b3a2ed,103-4,,4,2020-10-14,2.6,2.6,,2.6,CHOW,wt,12787,2716,13,13,n08,0.343614560697944,M,6319,2480,0.45945945945946,0.366666666666667
AAGTCGTCAGACACCC,Singlet,103-4,103-4,FALSE,0.755143885846452,0.02,FALSE,FALSE,7110,3175,929,4,6.13241798138491,1703,1240,11.2416661165754,5407,2310,35.6921248927322,15149,FALSE,sce_objects_e6b3a2ed,103-4,,4,2020-10-14,2.6,2.6,,2.6,CHOW,wt,12589,3290,5,5,n10,0.983417673166538,M,7104,3169,0.621621621621622,0.633333333333333
AAGTCGTGTCACCGCA,Singlet,96b-4,96b-4,FALSE,1.2137530699653,0,FALSE,FALSE,11428,3758,3135,4,12.0618675695433,1566,1161,6.02516255626948,9862,3143,37.9439036589589,25991,FALSE,sce_objects_e6b3a2ed,96b-4,,16,2020-09-25,7.5,7.5,5,7.5,HFD,wt,12774,3752,0,0,n13,0.885509322718287,F,11422,3752,1,0.633333333333333
AAGTCGTGTGGCTGCT,Singlet,ObD-2,ObD-2,FALSE,0.267433516815945,0.02,FALSE,FALSE,2518,1567,1634,4,24.4977511244378,633,552,9.49025487256372,1885,1115,28.2608695652174,6670,FALSE,sce_objects_e6b3a2ed,ObD-2,,6,2020-09-05,5.32,5.32,3,5.32,CHOW,mut,11611,3308,36,36,n30,0.411055861773623,F,2516,1566,0.783783783783784,0.5
AAGTGAAGTCAGTTTG,Singlet,103-4,103-4,FALSE,1.15778108292717,0.08,FALSE,FALSE,10901,3679,1800,4,7.62647233285315,1654,1197,7.00788068807728,9247,2989,39.1788831454961,23602,FALSE,sce_objects_e6b3a2ed,103-4,,4,2020-10-14,2.6,2.6,,2.6,CHOW,wt,12781,3672,2,2,n23,0.760695255970006,M,10893,3672,0.567567567567568,0.433333333333333
AAGTGAAGTGCATGAG,Singlet,ObG-1,ObG-1,FALSE,1.22532981870753,0,FALSE,FALSE,11537,3632,1673,4,6.76041540388734,1155,936,4.66723239180507,10382,3138,41.9525599062513,24747,FALSE,sce_objects_e6b3a2ed,ObG-1,,16,2020-10-16,9.12,9.12,5,9.12,CHOW,mut,12841,3629,13,13,n08,1,F,11534,3629,0.243243243243243,0.5
AAGTTCGAGAGGCGTT,Singlet,ObG-1,ObG-1,FALSE,1.33249440110121,0.06,FALSE,FALSE,12546,3955,3207,4,11.3325559207039,1176,950,4.15562387363511,11370,3458,40.1780981660129,28299,FALSE,sce_objects_e6b3a2ed,ObG-1,,16,2020-10-16,9.12,9.12,5,9.12,CHOW,mut,12996,3943,11,11,n34,1,F,12523,3943,0.783783783783784,0.866666666666667
AAGTTCGAGCAATTAG,Singlet,ObD-2,ObD-2,FALSE,0.733689727626905,0.02,FALSE,FALSE,6908,2733,1175,4,7.83803615502635,823,670,5.4899606430525,6085,2314,40.5910212794343,14991,FALSE,sce_objects_e6b3a2ed,ObD-2,,6,2020-09-05,5.32,5.32,3,5.32,CHOW,mut,12772,2862,0,0,n13,0.9235780201474,F,6903,2729,0.351351351351351,0.4
AAGTTCGGTCTCGCGA,Singlet,ObD-2,ObD-2,FALSE,0.512032162259599,0.02,FALSE,FALSE,4821,2291,800,4,7.66136755410841,665,558,6.36851177935261,4156,1919,39.8008044435932,10442,FALSE,sce_objects_e6b3a2ed,ObD-2,,6,2020-09-05,5.32,5.32,3,5.32,CHOW,mut,12122,2828,0,0,n13,0.924464184919498,F,4819,2289,0.297297297297297,0.533333333333333
AAGTTCGTCAAGCGTT,Singlet,ObG-1,ObG-1,FALSE,1.22628569704404,0.06,FALSE,FALSE,11546,4088,1483,4,6.03458799593082,1328,1047,5.40386571719227,10218,3541,41.5788402848423,24575,FALSE,sce_objects_e6b3a2ed,ObG-1,,16,2020-10-16,9.12,9.12,5,9.12,CHOW,mut,12759,4082,2,2,n22,0.325717636363439,F,11538,4082,0.351351351351351,0.533333333333333
AATAGAGAGGTTGACG,Singlet,ObD-2,ObD-2,FALSE,1.12921094153579,0.02,FALSE,FALSE,10632,3701,2191,4,9.34129183542955,1313,1007,5.5979535280324,9319,3138,39.7314005542528,23455,FALSE,sce_objects_e6b3a2ed,ObD-2,,6,2020-09-05,5.32,5.32,3,5.32,CHOW,mut,12692,3695,15,15,n07,1,F,10622,3695,0.351351351351351,0.533333333333333
AATAGAGAGTCGTTAC,Singlet,ObD-2,ObD-2,FALSE,1.30923469491269,0,FALSE,FALSE,12327,3835,2207,4,8.21637318044749,1426,1049,5.30881203231451,10901,3239,40.5830013774618,26861,FALSE,sce_objects_e6b3a2ed,ObD-2,,6,2020-09-05,5.32,5.32,3,5.32,CHOW,mut,12947,3827,13,13,n08,1,F,12317,3827,0.54054054054054,0.533333333333333
AATAGAGCAGTTGTCA,Singlet,ObG-1,ObG-1,FALSE,1.10106563496064,0.08,FALSE,FALSE,10367,3612,1731,4,7.70531938571111,1080,843,4.80747829957712,9287,3157,41.3398620075673,22465,FALSE,sce_objects_e6b3a2ed,ObG-1,,16,2020-10-16,9.12,9.12,5,9.12,CHOW,mut,12717,3609,9,9,n27,0.561628506503987,F,10363,3609,0.513513513513514,0.633333333333333
AATAGAGTCAGACAAA,Singlet,ObG-1,ObG-1,FALSE,1.31305820825875,0.08,FALSE,FALSE,12363,4007,1907,4,7.16028986595577,1399,1069,5.25288176322607,10964,3492,41.1669733037961,26633,FALSE,sce_objects_e6b3a2ed,ObG-1,,16,2020-10-16,9.12,9.12,5,9.12,CHOW,mut,12924,4000,0,0,n13,0.97592548715966,F,12347,4000,0.216216216216216,0.266666666666667
AATCACGCAGTTCCAA,Singlet,ObG-1,ObG-1,FALSE,1.41629306860231,0,FALSE,FALSE,13335,4083,1901,4,6.65359980399706,1295,1016,4.53256798851983,12040,3589,42.1406321094816,28571,FALSE,sce_objects_e6b3a2ed,ObG-1,,16,2020-10-16,9.12,9.12,5,9.12,CHOW,mut,13386,4077,1,1,n22,0.985099931139209,F,13329,4077,0.378378378378378,0.166666666666667
AATCACGCATGTGCCG,Singlet,ObD-2,ObD-2,FALSE,1.4723712643445,0.04,FALSE,FALSE,13863,3988,1526,4,5.21673731710652,1481,1149,5.06290168193628,12382,3347,42.3287296595105,29252,FALSE,sce_objects_e6b3a2ed,ObD-2,,6,2020-09-05,5.32,5.32,3,5.32,CHOW,mut,13766,3982,12,12,n22,0.791589342060299,F,13853,3982,0.567567567567568,0.333333333333333
AATCACGTCGATTTCT,Singlet,103-4,103-4,FALSE,0.920935672879689,0.02,FALSE,FALSE,8671,3332,1234,4,6.64298018949182,1284,977,6.91214470284238,7387,2775,39.7663652024117,18576,FALSE,sce_objects_e6b3a2ed,103-4,,4,2020-10-14,2.6,2.6,,2.6,CHOW,wt,12623,3350,19,19,n09,0.86291792507068,M,8668,3330,0.54054054054054,0.3
AATCGACGTCAACGCC,Singlet,103-4,103-4,FALSE,0.938566317753178,0.02,FALSE,FALSE,8837,3513,1400,4,7.33983432945371,1312,1057,6.87847331445947,7525,2915,39.4516095208137,19074,FALSE,sce_objects_e6b3a2ed,103-4,,4,2020-10-14,2.6,2.6,,2.6,CHOW,wt,12554,3522,1,1,n22,0.959542126965036,M,8832,3508,0.648648648648649,0.4
AATCGACGTGTGACCC,Singlet,103-4,103-4,FALSE,0.623126466703394,0.04,FALSE,FALSE,5867,2557,1053,4,8.23492609681708,782,676,6.11558614217565,5085,2127,39.7669508094158,12787,FALSE,sce_objects_e6b3a2ed,103-4,,4,2020-10-14,2.6,2.6,,2.6,CHOW,wt,12527,2832,5,5,n11,0.59232326124063,M,5865,2555,0.513513513513514,0.533333333333333
AATCGTGCACTTGACA,Singlet,103-4,103-4,FALSE,0.988378199955989,0.04,FALSE,FALSE,9306,3228,1490,4,7.41219779126455,1291,1018,6.42224654263258,8015,2623,39.8716545617352,20102,FALSE,sce_objects_e6b3a2ed,103-4,,4,2020-10-14,2.6,2.6,,2.6,CHOW,wt,12688,3222,1,1,n22,0.729129555453796,M,9297,3219,0.72972972972973,0.433333333333333
AATCGTGCAGTCGAGA,Singlet,ObG-1,ObG-1,FALSE,0.902773984485913,0.04,FALSE,FALSE,8500,3204,1127,4,6.21724499365587,840,681,4.63397142384289,7660,2794,42.2574060793292,18127,FALSE,sce_objects_e6b3a2ed,ObG-1,,16,2020-10-16,9.12,9.12,5,9.12,CHOW,mut,12670,3210,3,3,n14,0.983641056542234,F,8493,3200,0.297297297297297,0.533333333333333
AATCGTGTCCACGTCT,Singlet,ObD-2,ObD-2,FALSE,0.65626358236923,0.04,FALSE,FALSE,6179,2698,1606,4,11.5010025780579,876,722,6.27327413348611,5303,2269,37.976224577485,13964,FALSE,sce_objects_e6b3a2ed,ObD-2,,6,2020-09-05,5.32,5.32,3,5.32,CHOW,mut,12527,2931,10,10,n30,0.706660415359942,F,6169,2694,0.513513513513514,0.566666666666667
AATCGTGTCCTGCTAC,Singlet,103-4,103-4,FALSE,0.684833723760608,0,FALSE,FALSE,6448,2653,812,4,5.92354829296761,864,711,6.30288882404435,5584,2189,40.7353370294718,13708,FALSE,sce_objects_e6b3a2ed,103-4,,4,2020-10-14,2.6,2.6,,2.6,CHOW,wt,12739,2850,1,1,n22,1,M,6440,2649,0.675675675675676,0.766666666666667
AATGAAGTCCGAGTGC,Singlet,ObG-1,ObG-1,FALSE,1.18189045874815,0.06,FALSE,FALSE,11128,3889,2373,4,9.63498314994519,1266,992,5.14028178163953,9862,3400,40.0422266433879,24629,FALSE,sce_objects_e6b3a2ed,ObG-1,,16,2020-10-16,9.12,9.12,5,9.12,CHOW,mut,12699,3880,0,0,n13,1,F,11114,3880,0.216216216216216,0.5
AATGACCAGACTACGG,Singlet,ObG-1,ObG-1,FALSE,0.790192758185317,0,FALSE,FALSE,7440,2760,746,4,4.77409445795469,778,647,4.9788813515935,6662,2368,42.6340714194292,15626,FALSE,sce_objects_e6b3a2ed,ObG-1,,16,2020-10-16,9.12,9.12,5,9.12,CHOW,mut,12735,2835,1,1,n26,0.603349755901953,F,7434,2757,0.27027027027027,0.4
AATGACCTCGTCAAAC,Singlet,103-4,103-4,FALSE,1.70911046568792,0.02,FALSE,FALSE,16092,4779,2263,4,6.56951258455018,2264,1644,6.57241559497199,13828,3974,40.1428281127529,34447,FALSE,sce_objects_e6b3a2ed,103-4,,4,2020-10-14,2.6,2.6,,2.6,CHOW,wt,14449,4773,5,5,n11,0.953663566598181,M,16079,4773,0.405405405405405,0.833333333333333
AATGACCTCTGCGATA,Singlet,ObG-1,ObG-1,FALSE,1.13388412451431,0,FALSE,FALSE,10676,3554,1477,4,6.46984099172106,1122,883,4.91480134916116,9554,3073,41.8502781549783,22829,FALSE,sce_objects_e6b3a2ed,ObG-1,,16,2020-10-16,9.12,9.12,5,9.12,CHOW,mut,12746,3553,2,2,n23,1,F,10675,3553,0.513513513513514,0.4
AATGCCAAGCACTAGG,Singlet,ObG-1,ObG-1,FALSE,2.12088161131755,0,FALSE,FALSE,19969,4959,2531,4,5.95964115001531,2131,1513,5.01777767312628,17838,4328,42.0024017518661,42469,FALSE,sce_objects_e6b3a2ed,ObG-1,,16,2020-10-16,9.12,9.12,5,9.12,CHOW,mut,14469,4907,0,0,n13,1,F,19946,4950,0.162162162162162,0.366666666666667
AATGCCACACCAGTTA,Singlet,ObD-2,ObD-2,FALSE,1.04796128293206,0,FALSE,FALSE,9867,3335,1503,4,7.07727080096059,1029,820,4.84531713518859,8838,2911,41.6160474643311,21237,FALSE,sce_objects_e6b3a2ed,ObD-2,,6,2020-09-05,5.32,5.32,3,5.32,CHOW,mut,12717,3330,4,4,n20,1,F,9860,3329,0.567567567567568,0
AATGCCACATTCATCT,Singlet,ObG-1,ObG-1,FALSE,1.18953748544026,0.02,FALSE,FALSE,11200,3613,1315,4,5.54501370440649,1155,923,4.87033523086654,10045,3122,42.3571579169302,23715,FALSE,sce_objects_e6b3a2ed,ObG-1,,16,2020-10-16,9.12,9.12,5,9.12,CHOW,mut,12817,3604,5,5,n10,0.545939656217663,F,11185,3604,0.513513513513514,0.466666666666667
AATGCCATCGCACGGT,Singlet,ObG-1,ObG-1,FALSE,0.999105279065763,0.06,FALSE,FALSE,9407,3289,1308,4,6.50034787794454,1021,838,5.07404830533744,8386,2794,41.6757777556903,20122,FALSE,sce_objects_e6b3a2ed,ObG-1,,16,2020-10-16,9.12,9.12,5,9.12,CHOW,mut,12690,3290,15,15,n07,0.836392930072701,F,9392,3279,0.351351351351351,0.333333333333333
AATGGAAAGAGTATAC,Singlet,103-4,103-4,FALSE,1.46568011598889,0.04,FALSE,FALSE,13800,4257,1548,4,5.31082750102923,2395,1619,8.21668725126938,11405,3348,39.127898998216,29148,FALSE,sce_objects_e6b3a2ed,103-4,,4,2020-10-14,2.6,2.6,,2.6,CHOW,wt,13747,4246,0,0,n13,0.995437002658014,M,13787,4246,0.567567567567568,0.333333333333333
AATGGAAAGCGATTCT,Singlet,ObD-2,ObD-2,FALSE,0.247466280453197,0.06,FALSE,FALSE,2330,1417,1235,4,20.949957591179,489,431,8.29516539440204,1841,1071,31.2298558100085,5895,FALSE,sce_objects_e6b3a2ed,ObD-2,,6,2020-09-05,5.32,5.32,3,5.32,CHOW,mut,11724,3276,0,0,n13,0.985961368245473,F,2329,1416,0.486486486486487,0.5
AATGGAACATAATCCG,Singlet,ObD-2,ObD-2,FALSE,1.25071369897719,0.02,FALSE,FALSE,11776,3816,2608,4,9.96941896024465,1365,1045,5.21788990825688,10411,3252,39.7974006116208,26160,FALSE,sce_objects_e6b3a2ed,ObD-2,,6,2020-09-05,5.32,5.32,3,5.32,CHOW,mut,12855,3815,4,4,n20,0.608016328129403,F,11772,3815,0.513513513513514,0
AATGGAAGTTGAGGAC,Singlet,ObG-1,ObG-1,FALSE,1.31157128640195,0.02,FALSE,FALSE,12349,4036,2102,4,7.84328358208955,1291,1022,4.81716417910448,11058,3507,41.2611940298507,26800,FALSE,sce_objects_e6b3a2ed,ObG-1,,16,2020-10-16,9.12,9.12,5,9.12,CHOW,mut,12954,4032,2,2,n23,0.588978665356185,F,12344,4032,0.45945945945946,0.633333333333333
AATGGAAGTTTGGGTT,Singlet,103-4,103-4,FALSE,0.761091573273653,0.06,FALSE,FALSE,7166,2911,1296,4,8.29280778090607,1058,832,6.7699001791656,6108,2402,39.0836959303814,15628,FALSE,sce_objects_e6b3a2ed,103-4,,4,2020-10-14,2.6,2.6,,2.6,CHOW,wt,12685,3015,0,0,n13,0.990881415456146,M,7155,2903,0.675675675675676,0.433333333333333
AATGGAATCTCCGTGT,Singlet,103-4,103-4,FALSE,0.753444546581538,0.04,FALSE,FALSE,7094,2721,835,4,5.55814417892565,1040,817,6.9227184983026,6054,2198,40.2982094122346,15023,FALSE,sce_objects_e6b3a2ed,103-4,,4,2020-10-14,2.6,2.6,,2.6,CHOW,wt,12709,2841,1,1,n26,0.729548664557269,M,7086,2716,0.783783783783784,0.433333333333333
AATGGCTAGCATATGA,Singlet,96b-4,96b-4,FALSE,1.15087751716345,0,FALSE,FALSE,10836,3460,3490,4,13.8701216119545,1293,989,5.13870121611955,9543,2931,37.9262379779032,25162,FALSE,sce_objects_e6b3a2ed,96b-4,,16,2020-09-25,7.5,7.5,5,7.5,HFD,wt,12800,3456,1,1,n22,0.985448662532391,F,10830,3456,0.378378378378378,0.466666666666667
AATGGCTAGGACACTG,Singlet,ObG-1,ObG-1,FALSE,0.947169222781809,0,FALSE,FALSE,8918,3342,1168,4,6.14607451062934,1086,841,5.71458640286256,7832,2872,41.2123763418228,19004,FALSE,sce_objects_e6b3a2ed,ObG-1,,16,2020-10-16,9.12,9.12,5,9.12,CHOW,mut,12651,3350,1,1,n22,0.967818602558227,F,8915,3339,0.243243243243243,0.333333333333333
AATGGCTGTACCGTGC,Singlet,103-4,103-4,FALSE,1.42542701715123,0,FALSE,FALSE,13421,4003,1518,4,5.35260930888575,1947,1402,6.86530324400564,11474,3225,40.4583921015515,28360,FALSE,sce_objects_e6b3a2ed,103-4,,4,2020-10-14,2.6,2.6,,2.6,CHOW,wt,13439,3993,16,16,n30,0.869070120833424,M,13410,3993,0.621621621621622,0.466666666666667
AATGGCTGTCGAAACG,Singlet,ObD-2,ObD-2,FALSE,1.20727433901781,0.02,FALSE,FALSE,11367,3534,1263,4,5.26315789473684,1313,938,5.47151727299246,10054,3018,41.8969037796391,23997,FALSE,sce_objects_e6b3a2ed,ObD-2,,6,2020-09-05,5.32,5.32,3,5.32,CHOW,mut,12850,3530,33,33,n23,0.37389628873749,F,11357,3530,0.756756756756757,0.766666666666667
AATTCCTTCGCAGTTA,Singlet,ObD-2,ObD-2,FALSE,1.13855730749282,0.02,FALSE,FALSE,10720,3282,1376,4,6.03085553997195,1170,922,5.12798036465638,9550,2783,41.8565918653577,22816,FALSE,sce_objects_e6b3a2ed,ObD-2,,6,2020-09-05,5.32,5.32,3,5.32,CHOW,mut,12831,3278,4,4,n20,1,F,10715,3278,0.513513513513514,0
AATTTCCAGGGCCTCT,Singlet,ObD-2,ObD-2,FALSE,1.92545759585237,0.02,FALSE,FALSE,18129,4787,3069,4,7.80379891677474,2083,1487,5.29661555674219,16046,4131,40.8014849848705,39327,FALSE,sce_objects_e6b3a2ed,ObD-2,,6,2020-09-05,5.32,5.32,3,5.32,CHOW,mut,14486,4774,0,0,n13,0.994448572604623,F,18119,4779,0.405405405405405,0.266666666666667
AATTTCCGTCACCGCA,Singlet,ObG-1,ObG-1,FALSE,1.38071315274316,0.06,FALSE,FALSE,13000,4155,1012,4,3.74648304457278,1501,1126,5.5567895750037,11499,3598,42.5699689027099,27012,FALSE,sce_objects_e6b3a2ed,ObG-1,,16,2020-10-16,9.12,9.12,5,9.12,CHOW,mut,13161,4147,0,0,n13,0.994901106548586,F,12991,4147,0.162162162162162,0.533333333333333
AATTTCCGTCGCGTCA,Singlet,ObG-1,ObG-1,FALSE,1.0863026250967,0.02,FALSE,FALSE,10228,3591,1649,4,7.45985071250848,1122,893,5.07577471160371,9106,3106,41.194299932142,22105,FALSE,sce_objects_e6b3a2ed,ObG-1,,16,2020-10-16,9.12,9.12,5,9.12,CHOW,mut,12686,3593,0,0,n13,1,F,10226,3589,0.0810810810810811,0.466666666666667
AATTTCCTCTCAATCT,Singlet,96b-4,96b-4,FALSE,1.19113061600112,0,FALSE,FALSE,11215,3618,1026,4,4.37414733969986,1293,988,5.51244884038199,9922,3183,42.3004774897681,23456,FALSE,sce_objects_e6b3a2ed,96b-4,,16,2020-09-25,7.5,7.5,5,7.5,HFD,wt,12785,3609,0,0,n13,1,F,11198,3609,1,0.666666666666667
ACAAAGAAGGGAGTGG,Singlet,ObG-1,ObG-1,FALSE,1.45314748891015,0.04,FALSE,FALSE,13682,4233,2039,4,6.93466653062613,1485,1147,5.05050505050505,12197,3626,41.4821616841819,29403,FALSE,sce_objects_e6b3a2ed,ObG-1,,16,2020-10-16,9.12,9.12,5,9.12,CHOW,mut,13658,4226,35,35,n34,0.547972275931826,F,13670,4226,0.594594594594595,0.5
ACAAAGAGTGACTCGC,Singlet,ObG-1,ObG-1,FALSE,1.40545978078848,0.04,FALSE,FALSE,13233,4117,2867,4,9.773974704258,1416,1111,4.82732758326799,11817,3558,40.285685064603,29333,FALSE,sce_objects_e6b3a2ed,ObG-1,,16,2020-10-16,9.12,9.12,5,9.12,CHOW,mut,13316,4112,19,19,n09,1,F,13226,4112,0.513513513513514,0.833333333333333
ACAAAGATCCAAATGC,Singlet,103-4,103-4,FALSE,1.19272374656198,0.04,FALSE,FALSE,11230,3562,1468,4,6.13507188231361,1711,1232,7.15061852223337,9519,2878,39.7818455366098,23928,FALSE,sce_objects_e6b3a2ed,103-4,,4,2020-10-14,2.6,2.6,,2.6,CHOW,wt,12817,3556,8,8,n26,0.915740110469737,M,11222,3556,0.675675675675676,0.5
ACAACCACAACATCGT,Singlet,103-4,103-4,FALSE,1.54225659161411,0,FALSE,FALSE,14521,4513,1265,4,4.17395321212921,3201,2010,10.561916388953,11320,3400,37.3511070049823,30307,FALSE,sce_objects_e6b3a2ed,103-4,,4,2020-10-14,2.6,2.6,,2.6,CHOW,wt,14125,4500,2,2,n24,0.526585938107274,M,14499,4500,0.702702702702703,0.4
ACAACCAGTAACCCGC,Singlet,103-4,103-4,FALSE,0.784988531686516,0.02,FALSE,FALSE,7391,3001,967,4,6.14007238554829,1607,1168,10.2038224649184,5784,2206,36.7261413423075,15749,FALSE,sce_objects_e6b3a2ed,103-4,,4,2020-10-14,2.6,2.6,,2.6,CHOW,wt,12616,3072,2,2,n23,0.936631341803833,M,7384,2997,0.675675675675676,0.4
ACAACCAGTTCTCACC,Singlet,103-4,103-4,FALSE,0.969685468041928,0.04,FALSE,FALSE,9130,3384,804,4,4.21737305916911,1675,1213,8.78619387326899,7455,2623,39.1051195971465,19064,FALSE,sce_objects_e6b3a2ed,103-4,,4,2020-10-14,2.6,2.6,,2.6,CHOW,wt,12685,3386,8,8,n27,0.405753004955663,M,9122,3376,0.702702702702703,0.4
ACAACCATCCTCAGGG,Singlet,96b-4,96b-4,FALSE,1.84866870281904,0,FALSE,FALSE,17406,4842,7951,4,18.5931763440357,2330,1631,5.44863550265416,15076,4063,35.254776325328,42763,FALSE,sce_objects_e6b3a2ed,96b-4,,16,2020-09-25,7.5,7.5,5,7.5,HFD,wt,14493,4833,3,3,n15,0.819858873284396,F,17391,4835,0.54054054054054,0.733333333333333
ACAAGCTGTCTGTGAT,Singlet,ObD-2,ObD-2,FALSE,1.72270517980724,0.06,FALSE,FALSE,16220,4620,1905,4,5.54665890231475,2258,1631,6.57446498762556,13962,3779,40.6522055612171,34345,FALSE,sce_objects_e6b3a2ed,ObD-2,,6,2020-09-05,5.32,5.32,3,5.32,CHOW,mut,14376,4612,33,33,n34,0.315996643451089,F,16205,4612,0.621621621621622,0.466666666666667
ACACAGTAGTGGAATT,Singlet,103-4,103-4,FALSE,0.555365313514922,0.06,FALSE,FALSE,5229,2329,906,4,7.97254487856389,889,701,7.8229496656107,4340,1853,38.1907778951074,11364,FALSE,sce_objects_e6b3a2ed,103-4,,4,2020-10-14,2.6,2.6,,2.6,CHOW,wt,12250,2788,10,10,n30,0.405026329310545,M,5219,2323,0.675675675675676,0.4
ACACAGTCACGTACAT,Singlet,ObD-2,ObD-2,FALSE,0.73984983246222,0.04,FALSE,FALSE,6966,2786,1702,4,10.8865293590892,1141,871,7.29819623896636,5825,2206,37.2585390814891,15634,FALSE,sce_objects_e6b3a2ed,ObD-2,,6,2020-09-05,5.32,5.32,3,5.32,CHOW,mut,12693,2930,10,10,n30,0.946414104693004,F,6966,2786,0.621621621621622,0.433333333333333
ACACAGTTCGCCGATG,Singlet,103-4,103-4,FALSE,0.744098180624507,0.06,FALSE,FALSE,7006,3038,1127,4,7.44434903230068,1244,987,8.21718739678975,5762,2399,38.0606380870599,15139,FALSE,sce_objects_e6b3a2ed,103-4,,4,2020-10-14,2.6,2.6,,2.6,CHOW,wt,12620,3154,3,3,n14,0.359805518309808,M,6995,3032,1,0.4
ACACCAAAGCAGCGAT,Singlet,ObG-1,ObG-1,FALSE,1.34375252373127,0.04,FALSE,FALSE,12652,3929,1847,4,6.80269603329528,1235,984,4.54863540937719,11417,3424,42.0500165739752,27151,FALSE,sce_objects_e6b3a2ed,ObG-1,,16,2020-10-16,9.12,9.12,5,9.12,CHOW,mut,13072,3922,4,4,n33,0.537403004614761,F,12643,3922,0.594594594594595,0.666666666666667
ACACCAATCGAACCAT,Singlet,ObG-1,ObG-1,FALSE,1.8311442666496,0.06,FALSE,FALSE,17241,4475,2019,4,5.5313553053341,1638,1248,4.48754828634832,15603,3932,42.7467740609846,36501,FALSE,sce_objects_e6b3a2ed,ObG-1,,16,2020-10-16,9.12,9.12,5,9.12,CHOW,mut,14387,4466,29,29,n33,0.732469306816814,F,17216,4466,0.567567567567568,0.5
ACACGCGAGGAGTACC,Singlet,ObD-2,ObD-2,FALSE,1.55733822759023,0.04,FALSE,FALSE,14663,4015,2414,4,7.60554505356018,1751,1264,5.5166981726528,12912,3320,40.6805293005671,31740,FALSE,sce_objects_e6b3a2ed,ObD-2,,6,2020-09-05,5.32,5.32,3,5.32,CHOW,mut,14090,4006,32,32,n30,0.611526027470239,F,14651,4006,0.513513513513514,0.5
ACACTGACAGAGTGAC,Singlet,96b-4,96b-4,FALSE,1.15565690884603,0.02,FALSE,FALSE,10881,3741,3419,4,13.5776974703149,1356,1044,5.38501250943171,9525,3167,37.8261387554108,25181,FALSE,sce_objects_e6b3a2ed,96b-4,,16,2020-09-25,7.5,7.5,5,7.5,HFD,wt,12745,3735,17,17,n12,0.61765062373417,F,10872,3735,0.27027027027027,0.5
ACACTGATCTGCCTGT,Singlet,ObD-2,ObD-2,FALSE,1.20695571290564,0.02,FALSE,FALSE,11364,3847,3006,4,11.6810445325251,1505,1136,5.84829408564545,9859,3210,38.311183648092,25734,FALSE,sce_objects_e6b3a2ed,ObD-2,,6,2020-09-05,5.32,5.32,3,5.32,CHOW,mut,12771,3842,0,0,n13,1,F,11359,3842,0.486486486486487,0.3
ACAGAAAAGACTAGAT,Singlet,96b-4,96b-4,FALSE,0.979031833998959,0.02,FALSE,FALSE,9218,3397,2076,4,10.1209048361934,1430,1099,6.97152886115445,7788,2732,37.9680187207488,20512,FALSE,sce_objects_e6b3a2ed,96b-4,,16,2020-09-25,7.5,7.5,5,7.5,HFD,wt,12648,3396,4,4,n20,1,F,9212,3391,0.675675675675676,0
ACAGAAACAGAACTCT,Singlet,103-4,103-4,FALSE,1.22947195816576,0.08,FALSE,FALSE,11576,3742,1739,4,6.98646096982845,1684,1218,6.7654975694026,9892,3100,39.7412719456832,24891,FALSE,sce_objects_e6b3a2ed,103-4,,4,2020-10-14,2.6,2.6,,2.6,CHOW,wt,12849,3739,0,0,n13,0.810040671438254,M,11573,3739,0.45945945945946,0.466666666666667
ACAGAAAGTAGCGCCT,Singlet,ObD-2,ObD-2,FALSE,0.673788018538663,0.04,FALSE,FALSE,6344,2524,844,4,6.23706769139817,824,699,6.08926987880579,5520,2067,40.7921962754951,13532,FALSE,sce_objects_e6b3a2ed,ObD-2,,6,2020-09-05,5.32,5.32,3,5.32,CHOW,mut,12741,2715,1,1,n22,0.949169365581267,F,6338,2519,0.351351351351351,0.266666666666667
ACAGCCGAGATAGCTA,Singlet,ObG-1,ObG-1,FALSE,1.16011767441643,0.04,FALSE,FALSE,10923,3351,1320,4,5.6980056980057,1050,719,4.53250453250453,9873,2960,42.6184926184926,23166,FALSE,sce_objects_e6b3a2ed,ObG-1,,16,2020-10-16,9.12,9.12,5,9.12,CHOW,mut,12828,3347,26,26,n06,1,F,10917,3347,0.216216216216216,0.566666666666667
ACAGCCGGTTTCACAG,Singlet,ObG-1,ObG-1,FALSE,0.952585866688724,0.04,FALSE,FALSE,8969,3248,1115,4,5.8520967826589,917,760,4.81289035847373,8052,2800,42.2610612501968,19053,FALSE,sce_objects_e6b3a2ed,ObG-1,,16,2020-10-16,9.12,9.12,5,9.12,CHOW,mut,12720,3252,19,19,n09,1,F,8955,3242,0.243243243243243,0.466666666666667
ACAGCCGTCAGCAATC,Singlet,ObD-2,ObD-2,FALSE,1.6288166854207,0.06,FALSE,FALSE,15336,4445,2542,4,7.65339916902511,1789,1336,5.38628289275607,13547,3785,40.7870175227314,33214,FALSE,sce_objects_e6b3a2ed,ObD-2,,6,2020-09-05,5.32,5.32,3,5.32,CHOW,mut,14274,4436,9,9,n27,0.733579861887806,F,15319,4436,0.621621621621622,0.366666666666667
ACAGGGAAGAATCCCT,Singlet,ObG-1,ObG-1,FALSE,1.68149620263306,0,FALSE,FALSE,15832,4469,2182,4,6.44684748567039,1671,1221,4.93706789576316,14161,3914,41.8395083614016,33846,FALSE,sce_objects_e6b3a2ed,ObG-1,,16,2020-10-16,9.12,9.12,5,9.12,CHOW,mut,14372,4458,2,2,n23,0.971108766563731,F,15807,4458,0.54054054054054,0.566666666666667
ACAGGGAGTATGGTAA,Singlet,ObD-2,ObD-2,FALSE,0.858378746190018,0.04,FALSE,FALSE,8082,2988,1169,4,6.74436046847055,1033,840,5.95972999480759,7049,2462,40.6680897709571,17333,FALSE,sce_objects_e6b3a2ed,ObD-2,,6,2020-09-05,5.32,5.32,3,5.32,CHOW,mut,12652,3010,1,1,n22,0.913342273759502,F,8069,2982,0.72972972972973,0.0666666666666667
ACAGGGAGTGCCTACG,Singlet,ObD-2,ObD-2,FALSE,0.878770817368994,0.06,FALSE,FALSE,8274,2962,1241,4,6.97622126032942,1013,795,5.69453032773062,7261,2472,40.8173590421047,17789,FALSE,sce_objects_e6b3a2ed,ObD-2,,6,2020-09-05,5.32,5.32,3,5.32,CHOW,mut,12751,2978,7,7,n21,0.769071544142277,F,8268,2956,0.621621621621622,0.166666666666667
ACAGGGAGTTAACCTG,Singlet,ObG-1,ObG-1,FALSE,1.30764156435183,0.02,FALSE,FALSE,12312,3988,2120,4,7.92701166616811,1339,1026,5.00673048160335,10973,3478,41.0297636853126,26744,FALSE,sce_objects_e6b3a2ed,ObG-1,,16,2020-10-16,9.12,9.12,5,9.12,CHOW,mut,12923,3983,0,0,n13,1,F,12302,3983,0.324324324324324,0.533333333333333
